{"stats":{"minecraft:crafted":{"minecraft:smooth_stone":2,"minecraft:yellow_wool":6,"minecraft:rotten_flesh":18,"travelersbackpack:crafting_upgrade":3,"minecraft:pink_bed":2,"minecraft:birch_boat":2,"minecraft:bookshelf":29,"minecraft:cooked_mutton":16,"minecraft:glass":89,"minecraft:emerald":6,"minecraft:cooked_porkchop":14,"soulsweapons:gatling_gun":1,"travelersbackpack:standard":1,"minecraft:copper_ingot":152,"minecraft:campfire":3,"travelersbackpack:emerald":4,"minecraft:iron_pickaxe":2,"minecraft:iron_block":1,"minecraft:gold_ingot":40,"minecraft:yellow_bed":1,"minecraft:bone_meal":48,"travelersbackpack:blank_upgrade":8,"travelersbackpack:gold_tier_upgrade":1,"minecraft:stone_pickaxe":3,"minecraft:cobbled_deepslate_stairs":4,"minecraft:dark_oak_planks":24,"minecraft:wheat":9,"minecraft:enchanting_table":1,"regions_unexplored:blue_painted_planks":8,"minecraft:blue_bed":1,"minecraft:rabbit_foot":2,"minecraft:gunpowder":9,"clutter:wooden_mug":3,"minecraft:oak_planks":216,"minecraft:cooked_chicken":8,"clutter:beer_mug":4,"minecraft:stone":2,"biomemakeover:cooked_glowfish":3,"minecraft:iron_boots":1,"minecraft:chest":9,"handcrafted:wood_cup":3,"minecraft:oak_slab":6,"travelersbackpack:iron_tier_upgrade":6,"minecraft:crafting_table":7,"minecraft:spruce_planks":96,"minecraft:baked_potato":6,"minecraft:birch_planks":20,"soulsweapons:lost_soul":1,"minecraft:charcoal":18,"minecraft:diamond_pickaxe":1,"minecraft:yellow_dye":8,"minecraft:stick":36,"minecraft:iron_ingot":50,"minecraft:stone_sword":2,"artifacts:eternal_steak":1,"minecraft:wooden_sword":1,"minecraft:fishing_rod":1,"minecraft:furnace":7,"minecraft:flint_and_steel":1,"minecraft:cooked_beef":109,"minecraft:spruce_sign":3,"travelersbackpack:backpack_tank":9,"minecraft:cooked_salmon":3,"minecraft:stone_axe":3,"minecraft:air":0,"minecraft:bread":6,"minecraft:blue_dye":1,"minecraft:oak_boat":2,"regions_unexplored:blue_painted_slab":6,"minecraft:torch":28},"minecraft:killed_by":{"minecraft:piglin_brute":7,"minecraft:ravager":11,"minecraft:vindicator":9,"minecraft:zombie":4,"minecraft:vex":2,"biomemakeover:adjudicator_mimic":1,"minecraft:evoker":1,"minecraft:creeper":1,"minecraft:cave_spider":2,"minecraft:player":1,"minecraft:enderman":1,"minecraft:skeleton":4},"minecraft:killed":{"minecraft:cave_spider":3,"minecraft:skeleton":19,"clutter:beaver":1,"minecraft:chicken":8,"minecraft:pillager":29,"minecraft:zombie":43,"minecraft:cow":46,"minecraft:evoker":11,"graveyard:nightmare":1,"minecraft:vindicator":17,"minecraft:horse":3,"graveyard:ghoul":1,"perfectplushies:wandering_plushie_trader":1,"minecraft:ravager":3,"minecraft:enderman":2,"minecraft:witch":3,"minecraft:spider":15,"minecraft:piglin_brute":10,"minecraft:pig":4,"minecraft:creeper":10,"biomemakeover:adjudicator":1,"minecraft:sheep":5,"batsgalore:biggest_fan_bat":3,"minecraft:vex":40,"minecraft:allay":1,"biomemakeover:rootling":3,"minecraft:drowned":1,"minecraft:bat":3,"minecraft:player":9,"minecraft:villager":3,"biomemakeover:stone_golem":3},"minecraft:dropped":{"travelersbackpack:redstone":1,"minecraft:cooked_beef":5,"minecraft:diamond":1,"minecraft:crafting_table":1,"mythicmetals:raw_mythril":6,"minecraft:cooked_porkchop":24,"minecraft:crossbow":6,"biomemakeover:cladded_leggings":1,"travelersbackpack:iron_tier_upgrade":3,"minecraft:fletching_table":1,"croptopia:spinach":1,"minecraft:saddle":4,"graveyard:corruption":2,"minecraft:leather_helmet":1,"minecraft:melon":4,"minecraft:yellow_dye":3,"minecraft:gold_nugget":1,"minecraft:bone_meal":27,"minecraft:sand":9,"minecraft:iron_pickaxe":1,"travelersbackpack:backpack_tank":3,"minecraft:white_wool":9,"minecraft:bone":17,"minecraft:stone_axe":1,"minecraft:sugar_cane":6,"minecraft:iron_nugget":1,"minecraft:polished_andesite_slab":4,"minecraft:cooked_chicken":2,"biomemakeover:mesmerite":13,"minecraft:rotten_flesh":50,"minecraft:oak_planks":19,"minecraft:rabbit_foot":4,"bosses_of_mass_destruction:soul_star":1,"imbued_gear:crystalline_arrow":1,"minecraft:charcoal":17,"minecraft:leather_boots":1,"minecraft:beef":23,"minecraft:glass":40,"minecraft:campfire":3,"cleannarsenal:something_heavy":1,"minecraft:enchanted_book":1,"minecraft:iron_ingot":4,"minecraft:wheat_seeds":240,"simplyswords:soulrender":2,"clutter:copper_coin":60,"biomemakeover:illunite_block":15,"minecraft:feather":32,"minecraft:cobblestone":48,"artifacts:whoopee_cushion":2,"minecraft:apple":5,"minecraft:granite":1,"wizards:wand_frost":1,"minecraft:coal":31,"magistuarmory:rustedcrusader_boots":1,"clutter:hops_seeds":1,"minecraft:gray_wool":1,"minecraft:cooked_salmon":3,"minecraft:potion":1,"minecraft:pumpkin":3,"minecraft:white_banner":4,"minecraft:smooth_stone":2,"minecraft:string":126,"minecraft:spruce_sapling":1,"clutter:beer_mug":3,"nyfsbp:moon_banner_pattern":1,"minecraft:furnace":6,"minecraft:moss_carpet":3,"minecraft:creeper_head":1,"minecraft:soul_soil":1,"minecraft:player_head":45,"minecraft:stone_sword":5,"minecraft:chicken":6,"croptopia:raspberry_seed":12,"regions_unexplored:clover":8,"minecraft:iron_boots":1,"magistuarmory:rusted_heavymace":1,"extensivediamonds:red_diamond":10,"darkblades:dark_dust":22,"biomemakeover:witch_hat":1,"minecraft:target":1,"minecraft:diamond_sword":1,"minecraft:potato":3,"minecraft:cyan_wool":2,"minecraft:bundle":1,"minecraft:diamond_pickaxe":1,"minecraft:yellow_bed":2,"artifacts:eternal_steak":2,"minecraft:carved_pumpkin":5,"minecraft:rabbit_stew":3,"minecraft:birch_boat":2,"biomemakeover:illunite_shard":4,"minecraft:bow":7,"amethyst_imbuement:accursed_figurine":1,"spellbladenext:arcane_blade":2,"mythicmetals:raw_tin":16,"minecraft:oak_log":2,"minecraft:leather":20,"biomemakeover:crude_fragment":6,"spell_engine:spell_binding":1,"minecraft:iron_horse_armor":1,"travelersbackpack:standard":2,"artifacts:vampiric_glove":2,"biomemakeover:cladded_stone":3,"croptopia:sweetpotato_seed":2,"minecraft:snowball":11,"biomemakeover:enchanted_totem":1,"mythicmetals:raw_banglum":3,"minecraft:gold_ingot":8,"minecraft:soul_lantern":1,"minecraft:cooked_mutton":2,"artifacts:chorus_totem":1,"minecraft:carrot":37,"patchouli:guide_book":1,"fpapmod:diamond_halberd":1,"rogues:stone_double_axe":1,"croptopia:spinach_seed":1,"minecraft:gunpowder":2,"crystals_overhauled:heliodor":7,"croptopia:blueberry":1,"minecraft:oak_wood":1,"minecraft:skeleton_skull":14,"minecraft:beetroot_seeds":3,"crystals_overhauled:celestite":2,"minecraft:chest":1,"biomemakeover:cladding_upgrade_smithing_template":1,"minecraft:arrow":115,"nyfsbp:vex_banner_pattern":3,"minecraft:firework_rocket":2,"minecraft:water_bucket":5,"amethyst_imbuement:glistering_tome":2,"minecraft:bread":6,"mythicmetals:morkite":49,"amethyst_imbuement:steel_ingot":2,"crystals_overhauled:rhodochrosite":2,"minecraft:copper_ingot":169,"minecraft:grass_block":2,"biomemakeover:cladded_boots":1,"minecraft:stick":69,"minecraft:torch":5,"minecraft:brown_wool":105,"minecraft:iron_door":1,"croptopia:nectarine":6,"minecraft:zombie_head":21,"biomemakeover:rootling_seeds":1,"clutter:raw_silver":15,"minecraft:iron_axe":1,"minecraft:tripwire_hook":1,"minecraft:bucket":1,"croptopia:glowing_calamari":1,"wizards:wand_arcane":1,"minecraft:redstone":21,"things:gleaming_powder":1,"minecraft:raw_copper":24,"mythicmetals:raw_orichalcum":2,"biomemakeover:cladded_chestplate":1,"minecraft:totem_of_undying":2,"magistuarmory:rustedchainmail_helmet":1,"nyfsbp:carrot_banner_pattern":4,"travelersbackpack:crafting_upgrade":2,"minecraft:pink_wool":5,"minecraft:oak_boat":1,"croptopia:radish":1,"minecraft:oak_sapling":1,"simplyswords:iron_longsword":4,"croptopia:peach":32,"minecraft:stone_pickaxe":2,"minecraft:calcite":2},"minecraft:used":{"minecraft:chest":4,"travelersbackpack:emerald":31,"minecraft:snowball":1,"minecraft:lava_bucket":5,"minecraft:villager_spawn_egg":5,"minecraft:red_wool":1,"minecraft:grass_block":1,"simplyswords:iron_longsword":239,"minecraft:bow":5,"clutter:hops_seeds":3,"minecraft:furnace":7,"minecraft:oak_sapling":1,"minecraft:potato":3,"travelersbackpack:redstone":2,"minecraft:diorite":4,"minecraft:sand":35,"minecraft:blast_furnace":1,"minecraft:zombie_head":5,"minecraft:diamond_sword":230,"minecraft:enchanting_table":1,"minecraft:stone_sword":51,"minecraft:torch":105,"simplyswords:soulrender":591,"minecraft:chipped_anvil":1,"minecraft:iron_axe":104,"minecraft:smooth_basalt":2,"minecraft:podzol":1,"minecraft:cobbled_deepslate":89,"minecraft:wheat_seeds":199,"minecraft:water_bucket":13,"clutter:beer_mug":3,"minecraft:birch_planks":8,"minecraft:crafting_table":13,"minecraft:white_bed":4,"minecraft:campfire":1,"minecraft:diamond_pickaxe":638,"runes:crafting_altar":2,"minecraft:iron_pickaxe":595,"fpapmod:diamond_halberd":160,"minecraft:pink_bed":5,"minecraft:cobblestone":567,"minecraft:potion":1,"travelersbackpack:standard":34,"minecraft:cooked_porkchop":4,"minecraft:bone_block":1,"minecraft:creeper_head":1,"minecraft:player_head":2,"minecraft:carrot":64,"minecraft:obsidian":21,"minecraft:glass":2,"minecraft:lantern":4,"biomemakeover:cooked_glowfish":6,"biomemakeover:cladded_stone":2,"regions_unexplored:aster":1,"minecraft:beetroot_seeds":3,"minecraft:skeleton_skull":1,"regions_unexplored:spruce_shrub":2,"minecraft:stone_pickaxe":95,"minecraft:oak_planks":77,"spellbladenext:arcane_blade":13,"spell_engine:spell_binding":1,"minecraft:blue_bed":7,"minecraft:white_wool":1,"minecraft:cobbled_deepslate_stairs":2,"minecraft:firework_rocket":10,"minecraft:bread":39,"minecraft:melon_slice":1,"minecraft:grindstone":2,"minecraft:cooked_rabbit":8,"minecraft:andesite":5,"minecraft:bone_meal":14,"minecraft:flint_and_steel":1,"minecraft:redstone_ore":4,"minecraft:cooked_chicken":6,"minecraft:dirt":105,"minecraft:spruce_fence":3,"minecraft:granite":1,"minecraft:bookshelf":29,"minecraft:iron_boots":2,"minecraft:cooked_beef":57,"minecraft:enchanted_golden_apple":1,"minecraft:cooked_mutton":15,"minecraft:baked_potato":17,"minecraft:birch_boat":4,"minecraft:spruce_sign":3,"minecraft:painting":1,"minecraft:piston":3,"minecraft:apple":59,"minecraft:stone_axe":130,"minecraft:bucket":36,"minecraft:pumpkin_pie":4},"minecraft:broken":{"magistuarmory:rustedcrusader_boots":1,"rogues:warrior_armor_chest":1,"immersive_armors:wooden_leggings":1,"minecraft:iron_boots":3,"minecraft:iron_leggings":1,"minecraft:leather_helmet":1,"minecraft:stone_sword":1,"magistuarmory:rustedkettlehat":1,"biomemakeover:cladded_leggings":1,"minecraft:iron_pickaxe":2,"magistuarmory:rustedchainmail_leggings":2,"biomemakeover:cladded_boots":1,"minecraft:stone_axe":1,"amethyst_imbuement:steel_leggings":1,"magistuarmory:rustedhalfarmor_chestplate":1,"magistuarmory:rustedcrusader_chestplate":2,"paladins:paladin_armor_head":1},"minecraft:picked_up":{"minecraft:creeper_head":8,"minecraft:diamond_sword":2,"minecraft:lead":1,"artifacts:chorus_totem":1,"minecraft:brewing_stand":3,"minecraft:dark_oak_trapdoor":3,"minecraft:amethyst_block":112,"minecraft:string":162,"minecraft:soul_soil":1,"biomemakeover:cladded_chestplate":1,"minecraft:beetroot":2,"minecraft:gold_nugget":1,"minecraft:cobbled_deepslate":95,"bosses_of_mass_destruction:soul_star":2,"crystals_overhauled:rhodochrosite":13,"croptopia:blueberry":1,"minecraft:enchanted_golden_apple":1,"minecraft:melon_slice":24,"magistuarmory:rusted_heavymace":1,"magistuarmory:rustedcrusader_chestplate":2,"minecraft:rabbit_foot":2,"minecraft:stone_sword":4,"crystals_overhauled:heliodor":7,"croptopia:raspberry_seed":8,"minecraft:carved_pumpkin":6,"minecraft:birch_log":4,"minecraft:feather":32,"minecraft:cooked_beef":19,"minecraft:iron_door":1,"minecraft:water_bucket":1,"minecraft:brown_wool":70,"clutter:beer_mug":2,"minecraft:flint":2,"minecraft:lantern":4,"biomemakeover:crude_fragment":13,"minecraft:chipped_anvil":1,"extensivediamonds:red_diamond":66,"jewelry:sapphire":1,"biomemakeover:illunite_shard":4,"witcher_rpg:steel_ingot":2,"minecraft:glowstone_dust":2,"biomemakeover:mesmerite":13,"clutter:hops":8,"minecraft:dark_oak_log":6,"amethyst_imbuement:steel_leggings":1,"croptopia:spinach_seed":1,"minecraft:bundle":1,"minecraft:dispenser":1,"regions_unexplored:clover":8,"minecraft:granite":2,"minecraft:bread":8,"minecraft:diamond_pickaxe":1,"minecraft:crafting_table":12,"minecraft:golden_pickaxe":1,"jewelry:citrine":1,"runes:crafting_altar":2,"biomemakeover:ancient_oak_log":4,"fpapmod:diamond_halberd":2,"more_rpg_classes:hardened_leather":2,"travelersbackpack:redstone":1,"clutter:raw_silver":30,"mythicmetals:raw_adamantite":3,"minecraft:beef":140,"immersive_armors:wooden_leggings":1,"minecraft:cyan_wool":2,"minecraft:poppy":2,"mythicmetals:raw_mythril":12,"minecraft:chest":2,"minecraft:piston":13,"spellbladenext:arcane_blade":2,"minecraft:spruce_fence":6,"biomemakeover:enchanted_totem":2,"mythicmetals:raw_tin":16,"minecraft:carrot":242,"minecraft:redstone":108,"minecraft:tnt":1,"wizards:wand_frost":1,"minecraft:diamond_chestplate":1,"jewelry:ruby":1,"minecraft:beetroot_seeds":6,"minecraft:hay_block":1,"spell_engine:spell_binding":2,"minecraft:gold_ingot":7,"minecraft:totem_of_undying":5,"nyfsbp:carrot_banner_pattern":4,"minecraft:mutton":4,"minecraft:white_wool":11,"minecraft:bone_block":2,"minecraft:rail":8,"magistuarmory:rustedhalfarmor_chestplate":1,"minecraft:tripwire_hook":1,"clutter:hops_seeds":4,"more_jewels:opal":2,"minecraft:yellow_dye":4,"travelersbackpack:red_sleeping_bag":1,"croptopia:glowing_calamari":2,"minecraft:oak_log":74,"minecraft:blue_bed":6,"minecraft:white_banner":5,"cleannarsenal:something_heavy":8,"regions_unexplored:aster":1,"nyfsbp:vex_banner_pattern":3,"amethyst_imbuement:glistering_tome":1,"minecraft:apple":21,"minecraft:cobweb":3,"minecraft:glass_bottle":1,"minecraft:smooth_basalt":2,"extensivediamonds:dark_diamond":26,"minecraft:red_wool":1,"minecraft:spruce_sapling":1,"minecraft:spruce_log":24,"magistuarmory:rustedchainmail_leggings":2,"amethyst_imbuement:accursed_figurine":4,"minecraft:oak_wood":1,"minecraft:firework_rocket":31,"more_jewels:aquamarine":1,"minecraft:redstone_ore":3,"minecraft:painting":1,"minecraft:gray_wool":2,"minecraft:ender_pearl":6,"minecraft:wheat":145,"minecraft:redstone_block":1,"soulsweapons:moonstone":4,"minecraft:potion":2,"regions_unexplored:prismarite_cluster":1,"minecraft:raw_copper":111,"minecraft:armor_stand":1,"minecraft:sticky_piston":1,"minecraft:zombie_head":34,"minecraft:smooth_stone":2,"minecraft:bucket":7,"minecraft:calcite":2,"minecraft:iron_boots":2,"minecraft:furnace":11,"minecraft:stick":69,"biomemakeover:bulbus_root":3,"minecraft:torch":84,"minecraft:spruce_stairs":1,"minecraft:porkchop":12,"minecraft:target":1,"minecraft:villager_spawn_egg":5,"paladins:paladin_armor_head":1,"minecraft:diorite":4,"mythicmetals:morkite":207,"biomemakeover:cladded_stone":5,"minecraft:rotten_flesh":144,"witcher_rpg:silver_ingot":3,"minecraft:obsidian":7,"minecraft:cobblestone":666,"croptopia:radish":1,"croptopia:nectarine":6,"minecraft:andesite":5,"minecraft:potato":19,"croptopia:spinach":1,"minecraft:tuff":7,"minecraft:lapis_lazuli":71,"minecraft:dirt":105,"biomemakeover:crude_cladding":1,"minecraft:leather_boots":2,"minecraft:glass":1,"minecraft:bone":43,"travelersbackpack:backpack_tank":1,"croptopia:sweetpotato":1,"minecraft:bow":8,"minecraft:wheat_seeds":419,"biomemakeover:cladded_leggings":1,"minecraft:raw_gold":40,"minecraft:grindstone":2,"minecraft:fletching_table":1,"minecraft:oak_planks":37,"clutter:rare_coin_pouch":1,"biomemakeover:adjudicator_tapestry":1,"minecraft:cooked_porkchop":11,"minecraft:sand":133,"simplyswords:soulrender":2,"biomemakeover:rootling_seeds":5,"minecraft:grass_block":3,"biomemakeover:illunite_block":15,"minecraft:mossy_cobblestone":1,"clutter:copper_coin":60,"minecraft:diamond":11,"minecraft:soul_lantern":1,"wizards:wand_arcane":1,"minecraft:crossbow":7,"minecraft:bone_meal":2,"minecraft:golden_apple":1,"minecraft:spruce_sign":1,"minecraft:emerald":16,"minecraft:oak_sapling":3,"minecraft:charcoal":2,"rogues:warrior_armor_chest":1,"things:gleaming_powder":2,"minecraft:chicken":8,"croptopia:peach":24,"croptopia:sweetpotato_seed":2,"minecraft:moss_carpet":3,"minecraft:iron_axe":1,"regions_unexplored:spruce_shrub":2,"crystals_overhauled:peridotite":1,"graveyard:corruption":4,"clutter:uncommon_coin_pouch":2,"crystals_overhauled:malachite":5,"more_jewels:peridot":1,"simplyswords:iron_longsword":4,"minecraft:player_head":52,"minecraft:light_gray_wool":1,"minecraft:lectern":2,"minecraft:sugar_cane":12,"mythicmetals:raw_orichalcum":4,"minecraft:raw_iron":92,"minecraft:copper_ingot":45,"regions_unexplored:blue_lupine":1,"artifacts:vampiric_glove":1,"magistuarmory:rustedkettlehat":2,"crystals_overhauled:saphire":8,"minecraft:arrow":118,"minecraft:saddle":6,"minecraft:skeleton_skull":15,"artifacts:eternal_steak":1,"regions_unexplored:hanging_prismarite":32,"mythicmetals:raw_banglum":3,"minecraft:leather":88,"minecraft:birch_planks":14,"minecraft:cobbled_deepslate_stairs":1,"minecraft:gunpowder":4,"extensivediamonds:green_diamond":55,"minecraft:cooked_mutton":1,"minecraft:podzol":1,"nyfsbp:moon_banner_pattern":1,"minecraft:iron_ingot":53,"artifacts:whoopee_cushion":1,"darkblades:dark_dust":88,"minecraft:polished_andesite_slab":4,"minecraft:soul_sand":7,"minecraft:book":102,"minecraft:pink_bed":4,"minecraft:pumpkin":10,"minecraft:birch_boat":4,"minecraft:dandelion":4,"minecraft:amethyst_shard":12,"minecraft:blast_furnace":1,"minecraft:white_bed":4,"clutter:common_coin_pouch":1,"perfectbirbs:shoebill_plushie":1,"minecraft:spider_eye":96,"biomemakeover:cladding_upgrade_smithing_template":6,"witcher_rpg:raw_silver":2,"magistuarmory:rustedchainmail_helmet":1,"biomemakeover:cladded_boots":1,"minecraft:campfire":2,"magistuarmory:rustedcrusader_boots":3,"biomemakeover:witch_hat":1,"minecraft:coal":273,"crystals_overhauled:celestite":4},"minecraft:custom":{"minecraft:interact_with_crafting_table":80,"minecraft:bell_ring":8,"minecraft:eat_cake_slice":4,"minecraft:leave_game":25,"minecraft:time_since_death":143568,"minecraft:play_time":1193104,"minecraft:deaths":44,"minecraft:jump":9532,"minecraft:enchant_item":9,"minecraft:interact_with_furnace":240,"minecraft:traded_with_villager":6,"minecraft:interact_with_cartography_table":3,"minecraft:sleep_in_bed":64,"minecraft:damage_dealt":57581,"minecraft:interact_with_smoker":21,"minecraft:interact_with_smithing_table":7,"minecraft:interact_with_anvil":16,"minecraft:damage_dealt_absorbed":13231,"minecraft:sneak_time":19956,"minecraft:interact_with_blast_furnace":23,"minecraft:total_world_time":1193104,"minecraft:tune_noteblock":24,"minecraft:interact_with_stonecutter":2,"minecraft:time_since_rest":28780,"minecraft:swim_one_cm":521,"minecraft:fly_one_cm":1730497,"minecraft:open_chest":198,"minecraft:fall_one_cm":207882,"lootr:looted_stat":90,"minecraft:damage_resisted":328,"minecraft:sprint_one_cm":1960205,"minecraft:drop":677,"minecraft:play_noteblock":1,"minecraft:talked_to_villager":63,"minecraft:interact_with_brewingstand":1,"minecraft:walk_on_water_one_cm":17431,"minecraft:interact_with_loom":3,"minecraft:player_kills":9,"minecraft:crouch_one_cm":41602,"minecraft:mob_kills":293,"minecraft:interact_with_campfire":23,"minecraft:damage_dealt_resisted":28270,"minecraft:climb_one_cm":16098,"minecraft:walk_one_cm":2468862,"minecraft:walk_under_water_one_cm":2662,"minecraft:boat_one_cm":53669,"minecraft:raid_trigger":1,"minecraft:interact_with_grindstone":12,"minecraft:hex":0,"minecraft:damage_taken":29301,"minecraft:damage_absorbed":4013},"minecraft:mined":{"minecraft:white_bed":4,"regions_unexplored:blue_lupine":1,"minecraft:pink_bed":4,"mythicmetals:deepslate_morkite_ore":42,"minecraft:carved_pumpkin":1,"extensivediamonds:deepslate_dark_diamond_ore":26,"minecraft:obsidian":7,"minecraft:granite":2,"mythicmetals:deepslate_adamantite_ore":3,"clutter:deepslate_silver_ore":4,"crystals_overhauled:celestite_ore":1,"minecraft:spawner":6,"extensivediamonds:deepslate_green_diamond_ore":57,"minecraft:dark_oak_trapdoor":3,"minecraft:cobbled_deepslate":17,"minecraft:sticky_piston":1,"minecraft:fire":4,"minecraft:pumpkin":7,"minecraft:moss_carpet":1,"minecraft:fletching_table":1,"minecraft:deepslate_lapis_ore":1,"minecraft:dirt_path":1,"minecraft:player_head":1,"minecraft:amethyst_cluster":3,"biomemakeover:black_wall_tapestry":1,"minecraft:torch":1,"expores:deepslate_experience_ore":7,"things:deepslate_gleaming_ore":2,"minecraft:blast_furnace":1,"minecraft:melon":5,"expores:experience_ore":7,"minecraft:sugar_cane":2,"extensivediamonds:deepslate_red_diamond_ore":59,"minecraft:spruce_sign":1,"minecraft:amethyst_block":116,"minecraft:cyan_wool":1,"graveyard:oak_coffin":2,"minecraft:wheat":168,"clutter:beer_mug":1,"minecraft:grass":50,"regions_unexplored:clover":2,"minecraft:smooth_basalt":2,"minecraft:piston":13,"minecraft:deepslate":85,"biomemakeover:budding_illunite":4,"regions_unexplored:spruce_shrub":3,"biomemakeover:ancient_oak_log":5,"minecraft:dark_oak_log":6,"minecraft:spruce_fence":7,"minecraft:redstone_ore":3,"mythicmetals:kyber_ore":1,"runes:crafting_altar":2,"minecraft:andesite":6,"mythicmetals:deepslate_mythril_ore":5,"minecraft:potatoes":2,"minecraft:rail":6,"minecraft:white_wool":1,"minecraft:redstone_block":1,"minecraft:soul_sand":7,"crystals_overhauled:heliodor_ore":3,"minecraft:dandelion":4,"croptopia:sweetpotato_crop":1,"crystals_overhauled:rhodochrosite_ore":3,"minecraft:emerald_ore":3,"minecraft:campfire":1,"minecraft:tall_grass":22,"minecraft:copper_ore":26,"minecraft:deepslate_gold_ore":38,"regions_unexplored:prismarite_cluster":1,"minecraft:light_blue_bed":1,"jewelry:deepslate_gem_vein":3,"biomemakeover:illunite_block":16,"minecraft:spruce_log":24,"minecraft:zombie_head":5,"minecraft:cobweb":130,"minecraft:chipped_anvil":1,"minecraft:gold_ore":2,"minecraft:fern":14,"minecraft:cobbled_deepslate_stairs":1,"crystals_overhauled:peridotite_ore":1,"minecraft:orange_wool":2,"minecraft:brewing_stand":3,"regions_unexplored:hanging_prismarite":18,"minecraft:budding_amethyst":6,"minecraft:grass_block":63,"minecraft:soul_soil":1,"mythicmetals:deepslate_orichalcum_ore":2,"minecraft:glowstone":1,"minecraft:iron_ore":19,"regions_unexplored:mossy_stone":1,"crystals_overhauled:malachite_ore":3,"mythicmetals:mythril_ore":1,"minecraft:spruce_slab":4,"minecraft:deepslate_redstone_ore":22,"minecraft:calcite":4,"minecraft:cobblestone":51,"minecraft:grindstone":2,"minecraft:oak_planks":12,"minecraft:wall_torch":7,"minecraft:deepslate_copper_ore":3,"minecraft:birch_log":4,"minecraft:oak_log":72,"minecraft:beetroots":2,"minecraft:sand":108,"minecraft:dirt":40,"mythicmetals:morkite_ore":1,"darkblades:dark_ore":45,"minecraft:dispenser":1,"minecraft:oak_leaves":58,"soulsweapons:verglas_ore":1,"minecraft:tuff":7,"minecraft:dark_oak_leaves":1,"minecraft:deepslate_diamond_ore":3,"regions_unexplored:aster":1,"minecraft:polished_andesite_slab":1,"minecraft:spruce_leaves":9,"minecraft:large_fern":2,"minecraft:hay_block":1,"minecraft:furnace":5,"minecraft:carrots":59,"mythicmetals:tin_ore":10,"soulsweapons:moonstone_ore_deepslate":1,"minecraft:bookshelf":34,"minecraft:deepslate_iron_ore":41,"regions_unexplored:medium_grass":36,"minecraft:stone":620,"minecraft:red_wool":1,"minecraft:crafting_table":12,"minecraft:andesite_slab":1,"minecraft:lectern":2,"minecraft:lapis_ore":4,"minecraft:blue_bed":6,"biomemakeover:mesmerite":13,"minecraft:spruce_stairs":1,"minecraft:birch_planks":9,"witcher_rpg:deepslate_silver_ore":2,"spell_engine:spell_binding":2,"minecraft:coal_ore":269,"mythicmetals:banglum_ore":2}},"DataVersion":3465}