{"stats":{"minecraft:crafted":{"minecraft:oak_boat":2,"minecraft:smooth_stone":2,"minecraft:oak_planks":36,"minecraft:charcoal":18,"minecraft:crafting_table":1,"minecraft:stick":24,"minecraft:pink_bed":2,"minecraft:iron_ingot":3,"minecraft:stone_pickaxe":3,"minecraft:stone_sword":2,"minecraft:furnace":4,"minecraft:stone":2,"minecraft:torch":4,"minecraft:campfire":3,"minecraft:stone_axe":3,"minecraft:air":0},"minecraft:killed":{"minecraft:drowned":1},"minecraft:dropped":{"amethyst_imbuement:glistering_tome":1,"minecraft:stone_axe":1,"minecraft:oak_log":1,"minecraft:stone_sword":2,"minecraft:bundle":1,"minecraft:charcoal":17,"minecraft:crafting_table":1,"minecraft:pink_wool":1,"minecraft:oak_boat":1,"minecraft:cobblestone":36,"minecraft:sand":3,"wizards:wand_frost":1,"minecraft:stone_pickaxe":1,"wizards:wand_arcane":1},"minecraft:used":{"minecraft:stone_sword":2,"minecraft:apple":8,"minecraft:stone_pickaxe":46,"minecraft:bread":3,"minecraft:oak_planks":1,"minecraft:torch":4,"minecraft:stone_axe":29,"minecraft:dirt":2,"minecraft:sand":5,"minecraft:cobblestone":37,"minecraft:crafting_table":5,"minecraft:furnace":2},"minecraft:picked_up":{"minecraft:crafting_table":6,"minecraft:raw_iron":3,"minecraft:torch":4,"minecraft:sand":8,"minecraft:oak_log":28,"minecraft:lapis_lazuli":8,"minecraft:dirt":2,"minecraft:bundle":1,"wizards:wand_frost":1,"minecraft:stone_sword":1,"amethyst_imbuement:glistering_tome":1,"minecraft:rotten_flesh":1,"wizards:wand_arcane":1,"minecraft:emerald":1,"minecraft:oak_planks":1,"minecraft:coal":40,"minecraft:cobblestone":169,"minecraft:furnace":1},"minecraft:custom":{"minecraft:time_since_rest":60870,"minecraft:interact_with_furnace":15,"minecraft:sprint_one_cm":45849,"minecraft:damage_taken":280,"minecraft:walk_one_cm":94123,"minecraft:mob_kills":1,"minecraft:drop":21,"minecraft:damage_dealt":43,"minecraft:interact_with_crafting_table":17,"minecraft:fly_one_cm":41604,"minecraft:play_time":60870,"minecraft:crouch_one_cm":474,"minecraft:sneak_time":184,"minecraft:walk_under_water_one_cm":637,"minecraft:damage_dealt_resisted":36,"minecraft:jump":332,"minecraft:leave_game":1,"minecraft:time_since_death":60870,"minecraft:walk_on_water_one_cm":1571,"minecraft:total_world_time":60870,"minecraft:hex":0,"minecraft:fall_one_cm":6582},"minecraft:mined":{"minecraft:furnace":1,"minecraft:iron_ore":2,"minecraft:crafting_table":5,"minecraft:coal_ore":39,"minecraft:grass_block":1,"minecraft:oak_log":27,"minecraft:dirt":1,"minecraft:cobblestone":1,"minecraft:stone":162,"minecraft:oak_planks":1,"minecraft:wall_torch":3}},"DataVersion":3465}