{"stats":{"minecraft:crafted":{"minecraft:oak_planks":36,"minecraft:smooth_stone":2,"minecraft:yellow_wool":6,"minecraft:pink_bed":2,"minecraft:furnace":4,"minecraft:stone":2,"minecraft:yellow_bed":1,"minecraft:bone_meal":18,"minecraft:cooked_mutton":7,"minecraft:glass":6,"minecraft:iron_boots":1,"minecraft:stone_pickaxe":3,"minecraft:wheat":9,"minecraft:cooked_porkchop":13,"minecraft:crafting_table":2,"minecraft:campfire":3,"minecraft:stone_axe":3,"minecraft:air":0,"minecraft:oak_boat":2,"minecraft:charcoal":18,"minecraft:yellow_dye":8,"minecraft:stick":24,"minecraft:iron_ingot":8,"minecraft:iron_pickaxe":1,"minecraft:stone_sword":2,"minecraft:torch":4},"minecraft:killed_by":{"minecraft:skeleton":2,"minecraft:zombie":2,"minecraft:vex":1},"minecraft:killed":{"minecraft:vex":4,"graveyard:nightmare":1,"minecraft:spider":1,"minecraft:skeleton":3,"minecraft:chicken":6,"minecraft:drowned":1,"minecraft:pig":4,"minecraft:sheep":2,"minecraft:pillager":7,"minecraft:cow":6},"minecraft:dropped":{"minecraft:iron_ingot":3,"amethyst_imbuement:glistering_tome":1,"minecraft:wheat_seeds":2,"simplyswords:soulrender":1,"minecraft:oak_log":1,"minecraft:crafting_table":1,"minecraft:feather":24,"minecraft:cobblestone":39,"minecraft:leather":4,"biomemakeover:crude_fragment":1,"wizards:wand_frost":1,"minecraft:saddle":1,"graveyard:corruption":2,"minecraft:gray_wool":1,"minecraft:torch":2,"minecraft:yellow_dye":3,"croptopia:sweetpotato_seed":2,"minecraft:zombie_head":2,"minecraft:pumpkin":1,"minecraft:white_banner":1,"minecraft:sand":3,"minecraft:smooth_stone":2,"minecraft:tripwire_hook":1,"minecraft:white_wool":3,"wizards:wand_arcane":1,"minecraft:bone":2,"minecraft:furnace":1,"minecraft:moss_carpet":1,"minecraft:stone_axe":1,"minecraft:sugar_cane":6,"minecraft:player_head":7,"minecraft:stone_sword":4,"croptopia:raspberry_seed":12,"minecraft:rotten_flesh":6,"minecraft:oak_planks":8,"minecraft:cyan_wool":1,"minecraft:skeleton_skull":5,"minecraft:bundle":1,"minecraft:charcoal":17,"minecraft:pink_wool":1,"minecraft:yellow_bed":2,"minecraft:oak_boat":1,"biomemakeover:cladding_upgrade_smithing_template":1,"minecraft:arrow":16,"minecraft:bow":1,"minecraft:stone_pickaxe":2},"minecraft:used":{"minecraft:stone_sword":49,"minecraft:redstone_ore":1,"minecraft:player_head":1,"minecraft:torch":5,"minecraft:dirt":4,"simplyswords:soulrender":37,"minecraft:carrot":1,"minecraft:lantern":1,"minecraft:bow":5,"minecraft:furnace":3,"minecraft:cooked_beef":5,"minecraft:cooked_mutton":8,"minecraft:stone_pickaxe":95,"minecraft:oak_planks":1,"minecraft:sand":6,"minecraft:crafting_table":11,"minecraft:campfire":1,"minecraft:painting":1,"minecraft:apple":21,"minecraft:iron_pickaxe":14,"minecraft:bread":7,"minecraft:stone_axe":49,"minecraft:pink_bed":3,"travelersbackpack:standard":4,"minecraft:cobblestone":78,"minecraft:pumpkin_pie":3},"minecraft:broken":{"magistuarmory:rustedcrusader_chestplate":1},"minecraft:picked_up":{"minecraft:charcoal":2,"minecraft:crafting_table":11,"minecraft:chicken":4,"croptopia:sweetpotato_seed":2,"minecraft:potion":2,"minecraft:moss_carpet":1,"minecraft:zombie_head":2,"graveyard:corruption":3,"crystals_overhauled:malachite":5,"minecraft:smooth_stone":2,"minecraft:beef":16,"minecraft:player_head":8,"minecraft:cyan_wool":1,"minecraft:light_gray_wool":1,"minecraft:lectern":2,"minecraft:sugar_cane":12,"minecraft:furnace":4,"minecraft:raw_iron":10,"minecraft:torch":6,"minecraft:spruce_fence":3,"minecraft:porkchop":12,"minecraft:carrot":1,"magistuarmory:rustedcrusader_chestplate":1,"wizards:wand_frost":1,"minecraft:arrow":20,"minecraft:stone_sword":3,"minecraft:rotten_flesh":10,"minecraft:hay_block":1,"croptopia:raspberry_seed":8,"minecraft:carved_pumpkin":1,"minecraft:saddle":1,"witcher_rpg:silver_ingot":3,"minecraft:mutton":1,"minecraft:bone_block":1,"minecraft:skeleton_skull":5,"minecraft:white_wool":4,"minecraft:cobblestone":207,"minecraft:feather":24,"minecraft:cooked_beef":10,"minecraft:tripwire_hook":1,"croptopia:nectarine":6,"minecraft:leather":9,"minecraft:yellow_dye":4,"minecraft:potato":1,"minecraft:oak_log":28,"minecraft:lapis_lazuli":10,"minecraft:dirt":4,"minecraft:lantern":1,"minecraft:white_banner":1,"biomemakeover:crude_cladding":1,"biomemakeover:crude_fragment":1,"minecraft:cooked_mutton":1,"amethyst_imbuement:glistering_tome":1,"minecraft:bone":9,"minecraft:apple":11,"croptopia:sweetpotato":1,"minecraft:bow":1,"minecraft:wheat_seeds":3,"witcher_rpg:steel_ingot":2,"minecraft:oak_planks":23,"minecraft:pink_bed":2,"minecraft:cooked_porkchop":11,"minecraft:pumpkin":8,"minecraft:dandelion":4,"minecraft:sand":15,"simplyswords:soulrender":1,"minecraft:mossy_cobblestone":1,"biomemakeover:cladding_upgrade_smithing_template":3,"minecraft:bundle":1,"minecraft:firework_rocket":15,"minecraft:soul_lantern":1,"minecraft:diamond":1,"wizards:wand_arcane":1,"magistuarmory:rustedcrusader_boots":1,"minecraft:painting":1,"minecraft:gray_wool":2,"minecraft:emerald":2,"minecraft:coal":66},"minecraft:custom":{"lootr:looted_stat":22,"minecraft:mob_kills":35,"minecraft:interact_with_crafting_table":28,"minecraft:interact_with_campfire":23,"minecraft:damage_dealt_resisted":669,"minecraft:eat_cake_slice":4,"minecraft:leave_game":7,"minecraft:time_since_death":35624,"minecraft:climb_one_cm":1894,"minecraft:sprint_one_cm":269716,"minecraft:walk_one_cm":393313,"minecraft:drop":79,"minecraft:damage_dealt_absorbed":271,"minecraft:play_time":205010,"minecraft:deaths":5,"minecraft:sneak_time":4365,"minecraft:walk_under_water_one_cm":2025,"minecraft:boat_one_cm":34667,"minecraft:jump":1499,"minecraft:interact_with_blast_furnace":7,"minecraft:walk_on_water_one_cm":7746,"minecraft:total_world_time":205010,"minecraft:interact_with_furnace":28,"minecraft:interact_with_loom":1,"minecraft:sleep_in_bed":8,"minecraft:hex":0,"minecraft:time_since_rest":2672,"minecraft:damage_taken":3873,"minecraft:damage_dealt":4675,"minecraft:swim_one_cm":175,"minecraft:fly_one_cm":252017,"minecraft:crouch_one_cm":7213,"minecraft:interact_with_smoker":9,"minecraft:fall_one_cm":26601},"minecraft:mined":{"minecraft:pink_bed":2,"minecraft:carved_pumpkin":1,"minecraft:spruce_fence":3,"minecraft:grass_block":2,"minecraft:hay_block":1,"minecraft:furnace":3,"minecraft:iron_ore":9,"regions_unexplored:mossy_stone":1,"crystals_overhauled:malachite_ore":3,"minecraft:andesite":1,"minecraft:moss_carpet":1,"minecraft:pumpkin":7,"minecraft:stone":197,"minecraft:player_head":1,"minecraft:dandelion":4,"croptopia:sweetpotato_crop":1,"minecraft:crafting_table":10,"minecraft:lectern":2,"minecraft:campfire":1,"minecraft:tall_grass":3,"minecraft:cobblestone":12,"minecraft:sugar_cane":2,"minecraft:oak_planks":1,"minecraft:wall_torch":4,"minecraft:cyan_wool":1,"minecraft:birch_planks":1,"minecraft:grass":14,"minecraft:oak_log":27,"minecraft:coal_ore":65,"minecraft:sand":7,"minecraft:dirt":1}},"DataVersion":3465}