{"stats":{"minecraft:crafted":{"minecraft:oak_planks":36,"minecraft:smooth_stone":2,"minecraft:yellow_wool":6,"travelersbackpack:crafting_upgrade":2,"minecraft:pink_bed":2,"minecraft:birch_boat":1,"minecraft:cooked_chicken":2,"minecraft:furnace":7,"minecraft:stone":2,"minecraft:yellow_bed":1,"minecraft:bone_meal":18,"travelersbackpack:blank_upgrade":8,"minecraft:cooked_mutton":11,"minecraft:glass":37,"biomemakeover:cooked_glowfish":3,"minecraft:iron_boots":1,"minecraft:stone_pickaxe":3,"minecraft:chest":5,"minecraft:wheat":9,"minecraft:cooked_beef":27,"travelersbackpack:iron_tier_upgrade":5,"minecraft:cooked_porkchop":13,"minecraft:crafting_table":6,"travelersbackpack:backpack_tank":7,"travelersbackpack:standard":1,"minecraft:cooked_salmon":3,"minecraft:birch_planks":12,"minecraft:campfire":3,"minecraft:stone_axe":3,"minecraft:air":0,"travelersbackpack:emerald":3,"minecraft:oak_boat":2,"minecraft:charcoal":18,"minecraft:yellow_dye":8,"minecraft:stick":24,"minecraft:iron_ingot":8,"minecraft:iron_pickaxe":1,"minecraft:stone_sword":2,"minecraft:torch":4},"minecraft:killed_by":{"minecraft:player":1,"minecraft:piglin_brute":7,"minecraft:skeleton":3,"minecraft:zombie":2,"minecraft:vex":1},"minecraft:killed":{"minecraft:vex":4,"graveyard:nightmare":1,"minecraft:spider":1,"minecraft:skeleton":4,"minecraft:chicken":7,"minecraft:drowned":1,"minecraft:piglin_brute":10,"minecraft:pig":4,"minecraft:sheep":4,"minecraft:pillager":11,"minecraft:zombie":1,"batsgalore:biggest_fan_bat":1,"minecraft:player":1,"minecraft:cow":13},"minecraft:dropped":{"amethyst_imbuement:glistering_tome":1,"minecraft:iron_ingot":4,"minecraft:wheat_seeds":2,"simplyswords:soulrender":1,"minecraft:oak_log":1,"minecraft:diamond":1,"minecraft:crafting_table":1,"clutter:copper_coin":21,"minecraft:feather":32,"minecraft:cobblestone":39,"minecraft:leather":4,"biomemakeover:crude_fragment":4,"wizards:wand_frost":1,"travelersbackpack:iron_tier_upgrade":2,"croptopia:spinach":1,"minecraft:saddle":1,"travelersbackpack:standard":1,"graveyard:corruption":2,"biomemakeover:cladded_boots":1,"minecraft:gray_wool":1,"minecraft:torch":4,"minecraft:yellow_dye":3,"croptopia:nectarine":6,"minecraft:zombie_head":2,"croptopia:sweetpotato_seed":2,"minecraft:snowball":6,"minecraft:pumpkin":1,"minecraft:white_banner":1,"minecraft:sand":3,"minecraft:smooth_stone":2,"travelersbackpack:backpack_tank":1,"minecraft:tripwire_hook":1,"minecraft:white_wool":8,"wizards:wand_arcane":1,"minecraft:bone":2,"minecraft:stone_axe":1,"minecraft:furnace":1,"minecraft:moss_carpet":3,"minecraft:sugar_cane":6,"minecraft:soul_soil":1,"minecraft:polished_andesite_slab":4,"minecraft:player_head":10,"minecraft:stone_sword":4,"minecraft:raw_copper":9,"minecraft:chicken":4,"minecraft:rotten_flesh":6,"croptopia:raspberry_seed":12,"minecraft:oak_planks":8,"imbued_gear:crystalline_arrow":1,"fpapmod:diamond_halberd":1,"croptopia:spinach_seed":1,"minecraft:cyan_wool":1,"croptopia:blueberry":1,"minecraft:oak_wood":1,"minecraft:skeleton_skull":5,"minecraft:bundle":1,"minecraft:charcoal":17,"minecraft:pink_wool":1,"travelersbackpack:crafting_upgrade":1,"minecraft:yellow_bed":2,"minecraft:oak_boat":1,"croptopia:radish":1,"minecraft:chest":1,"biomemakeover:cladding_upgrade_smithing_template":1,"simplyswords:iron_longsword":3,"minecraft:glass":1,"minecraft:arrow":16,"minecraft:bow":1,"minecraft:stone_pickaxe":2},"minecraft:used":{"minecraft:stone_sword":51,"minecraft:redstone_ore":1,"minecraft:player_head":1,"minecraft:torch":7,"minecraft:dirt":4,"simplyswords:soulrender":88,"minecraft:carrot":1,"travelersbackpack:emerald":19,"minecraft:lantern":1,"simplyswords:iron_longsword":25,"minecraft:bow":5,"minecraft:furnace":5,"minecraft:cooked_beef":21,"minecraft:cooked_mutton":8,"minecraft:oak_planks":1,"minecraft:stone_pickaxe":95,"minecraft:birch_boat":1,"minecraft:sand":6,"minecraft:crafting_table":12,"minecraft:campfire":1,"minecraft:painting":1,"minecraft:apple":26,"minecraft:iron_pickaxe":79,"minecraft:bread":7,"minecraft:pink_bed":4,"fpapmod:diamond_halberd":23,"minecraft:stone_axe":59,"travelersbackpack:standard":4,"minecraft:cobblestone":78,"minecraft:pumpkin_pie":3},"minecraft:broken":{"minecraft:stone_sword":1,"minecraft:iron_boots":1,"magistuarmory:rustedcrusader_chestplate":1},"minecraft:picked_up":{"minecraft:charcoal":2,"minecraft:crafting_table":11,"minecraft:chicken":6,"croptopia:sweetpotato_seed":2,"minecraft:potion":2,"fpapmod:diamond_halberd":2,"minecraft:moss_carpet":3,"minecraft:soul_soil":1,"minecraft:raw_copper":9,"minecraft:sticky_piston":1,"minecraft:zombie_head":2,"graveyard:corruption":3,"clutter:uncommon_coin_pouch":2,"minecraft:smooth_stone":2,"crystals_overhauled:malachite":5,"simplyswords:iron_longsword":3,"minecraft:beef":41,"minecraft:player_head":11,"minecraft:cyan_wool":1,"minecraft:light_gray_wool":1,"croptopia:blueberry":1,"minecraft:lectern":2,"minecraft:sugar_cane":12,"minecraft:chest":2,"minecraft:piston":9,"minecraft:iron_boots":1,"minecraft:furnace":4,"minecraft:raw_iron":10,"minecraft:stick":3,"minecraft:torch":8,"minecraft:spruce_stairs":1,"minecraft:spruce_fence":3,"minecraft:porkchop":12,"minecraft:carrot":19,"magistuarmory:rustedcrusader_chestplate":1,"wizards:wand_frost":1,"minecraft:stone_sword":3,"minecraft:arrow":20,"minecraft:rotten_flesh":37,"croptopia:raspberry_seed":8,"minecraft:hay_block":1,"minecraft:carved_pumpkin":1,"minecraft:gold_ingot":1,"minecraft:saddle":1,"witcher_rpg:silver_ingot":3,"minecraft:white_wool":9,"minecraft:mutton":2,"minecraft:skeleton_skull":5,"minecraft:bone_block":1,"minecraft:cobblestone":216,"minecraft:birch_log":3,"minecraft:feather":32,"minecraft:cooked_beef":12,"croptopia:radish":1,"minecraft:tripwire_hook":1,"croptopia:nectarine":6,"minecraft:leather":37,"minecraft:yellow_dye":4,"travelersbackpack:red_sleeping_bag":1,"minecraft:potato":1,"minecraft:birch_planks":6,"croptopia:spinach":1,"minecraft:oak_log":28,"minecraft:lapis_lazuli":12,"minecraft:dirt":4,"minecraft:lantern":1,"minecraft:white_banner":1,"biomemakeover:crude_fragment":4,"biomemakeover:crude_cladding":1,"minecraft:glass":1,"minecraft:cooked_mutton":1,"travelersbackpack:backpack_tank":1,"amethyst_imbuement:glistering_tome":1,"minecraft:bone":9,"minecraft:apple":11,"croptopia:sweetpotato":1,"minecraft:bow":1,"minecraft:wheat_seeds":3,"minecraft:iron_ingot":29,"witcher_rpg:steel_ingot":2,"minecraft:polished_andesite_slab":4,"minecraft:soul_sand":7,"minecraft:oak_planks":23,"clutter:rare_coin_pouch":1,"minecraft:pink_bed":3,"minecraft:birch_boat":1,"minecraft:cooked_porkchop":11,"minecraft:pumpkin":8,"minecraft:dandelion":4,"minecraft:sand":46,"simplyswords:soulrender":1,"minecraft:oak_wood":1,"perfectbirbs:shoebill_plushie":1,"clutter:common_coin_pouch":1,"croptopia:spinach_seed":1,"minecraft:mossy_cobblestone":1,"biomemakeover:cladding_upgrade_smithing_template":4,"minecraft:bundle":1,"minecraft:firework_rocket":15,"clutter:copper_coin":21,"biomemakeover:cladded_boots":1,"minecraft:diamond":4,"wizards:wand_arcane":1,"minecraft:soul_lantern":1,"magistuarmory:rustedcrusader_boots":1,"minecraft:painting":1,"minecraft:gray_wool":2,"minecraft:emerald":2,"minecraft:coal":96},"minecraft:custom":{"minecraft:interact_with_smithing_table":4,"lootr:looted_stat":27,"minecraft:mob_kills":62,"minecraft:interact_with_crafting_table":63,"minecraft:interact_with_campfire":23,"minecraft:damage_dealt_resisted":4217,"minecraft:eat_cake_slice":4,"minecraft:leave_game":9,"minecraft:time_since_death":21436,"minecraft:climb_one_cm":2074,"minecraft:sprint_one_cm":387445,"minecraft:walk_one_cm":556815,"minecraft:drop":127,"minecraft:damage_dealt_absorbed":686,"minecraft:play_time":293039,"minecraft:deaths":14,"minecraft:sneak_time":4641,"minecraft:walk_under_water_one_cm":2025,"minecraft:boat_one_cm":41677,"minecraft:jump":2218,"minecraft:interact_with_blast_furnace":7,"minecraft:walk_on_water_one_cm":8235,"minecraft:total_world_time":293039,"minecraft:interact_with_furnace":68,"minecraft:tune_noteblock":1,"minecraft:interact_with_loom":1,"minecraft:sleep_in_bed":16,"minecraft:hex":0,"minecraft:time_since_rest":4824,"minecraft:damage_taken":8746,"minecraft:damage_dealt":8752,"minecraft:player_kills":1,"minecraft:swim_one_cm":175,"minecraft:fly_one_cm":384519,"minecraft:open_chest":6,"minecraft:crouch_one_cm":7380,"minecraft:interact_with_smoker":9,"minecraft:fall_one_cm":45623},"minecraft:mined":{"minecraft:pink_bed":3,"minecraft:carved_pumpkin":1,"minecraft:spruce_fence":3,"minecraft:grass_block":2,"minecraft:soul_soil":1,"minecraft:polished_andesite_slab":1,"minecraft:spawner":1,"minecraft:large_fern":1,"minecraft:hay_block":1,"minecraft:furnace":3,"minecraft:iron_ore":9,"minecraft:sticky_piston":1,"regions_unexplored:mossy_stone":1,"crystals_overhauled:malachite_ore":3,"minecraft:andesite":1,"minecraft:pumpkin":7,"minecraft:moss_carpet":1,"minecraft:stone":199,"minecraft:player_head":1,"minecraft:spruce_slab":4,"minecraft:soul_sand":7,"minecraft:dandelion":4,"croptopia:sweetpotato_crop":1,"minecraft:crafting_table":10,"minecraft:andesite_slab":1,"minecraft:campfire":1,"minecraft:lectern":2,"minecraft:tall_grass":3,"minecraft:cobblestone":18,"minecraft:oak_planks":1,"minecraft:sugar_cane":2,"minecraft:wall_torch":4,"minecraft:spruce_stairs":1,"minecraft:cyan_wool":1,"minecraft:birch_planks":1,"graveyard:oak_coffin":2,"minecraft:light_blue_bed":1,"minecraft:birch_log":3,"minecraft:grass":14,"minecraft:coal_ore":93,"minecraft:oak_log":27,"minecraft:sand":39,"minecraft:dirt":1,"minecraft:piston":9,"minecraft:oak_leaves":6,"minecraft:fern":1}},"DataVersion":3465}