{"stats":{"minecraft:crafted":{"minecraft:oak_planks":36,"minecraft:smooth_stone":2,"minecraft:yellow_wool":6,"travelersbackpack:crafting_upgrade":2,"minecraft:pink_bed":2,"minecraft:birch_boat":1,"minecraft:cooked_chicken":6,"minecraft:stone":2,"minecraft:cooked_mutton":14,"minecraft:glass":37,"biomemakeover:cooked_glowfish":3,"minecraft:iron_boots":1,"minecraft:chest":5,"travelersbackpack:iron_tier_upgrade":5,"minecraft:cooked_porkchop":13,"minecraft:crafting_table":6,"travelersbackpack:standard":1,"minecraft:baked_potato":5,"minecraft:copper_ingot":131,"minecraft:birch_planks":12,"minecraft:campfire":3,"travelersbackpack:emerald":3,"minecraft:charcoal":18,"minecraft:yellow_dye":8,"minecraft:stick":24,"minecraft:iron_ingot":24,"minecraft:iron_pickaxe":2,"minecraft:stone_sword":2,"minecraft:furnace":7,"minecraft:yellow_bed":1,"minecraft:bone_meal":18,"travelersbackpack:blank_upgrade":8,"minecraft:stone_pickaxe":3,"minecraft:wheat":9,"minecraft:cooked_beef":83,"travelersbackpack:backpack_tank":7,"minecraft:blue_bed":1,"minecraft:cooked_salmon":3,"minecraft:stone_axe":3,"minecraft:rabbit_foot":2,"minecraft:air":0,"minecraft:bread":3,"minecraft:blue_dye":1,"minecraft:oak_boat":2,"minecraft:torch":4},"minecraft:killed_by":{"minecraft:evoker":1,"minecraft:piglin_brute":7,"minecraft:ravager":6,"minecraft:vindicator":3,"minecraft:zombie":2,"minecraft:vex":1,"minecraft:player":1,"minecraft:enderman":1,"minecraft:skeleton":3},"minecraft:killed":{"minecraft:witch":1,"minecraft:spider":1,"minecraft:skeleton":5,"clutter:beaver":1,"minecraft:chicken":7,"minecraft:piglin_brute":10,"minecraft:pig":4,"minecraft:sheep":4,"minecraft:pillager":23,"minecraft:zombie":4,"batsgalore:biggest_fan_bat":1,"minecraft:cow":31,"minecraft:evoker":2,"minecraft:vex":6,"graveyard:nightmare":1,"minecraft:vindicator":3,"minecraft:horse":3,"minecraft:drowned":1,"minecraft:ravager":2,"minecraft:player":1},"minecraft:dropped":{"minecraft:oak_log":2,"minecraft:diamond":1,"minecraft:crafting_table":1,"minecraft:crossbow":5,"minecraft:leather":4,"biomemakeover:crude_fragment":6,"travelersbackpack:iron_tier_upgrade":2,"minecraft:iron_horse_armor":1,"croptopia:spinach":1,"minecraft:saddle":4,"travelersbackpack:standard":1,"graveyard:corruption":2,"minecraft:yellow_dye":3,"croptopia:sweetpotato_seed":2,"minecraft:snowball":6,"minecraft:sand":9,"travelersbackpack:backpack_tank":1,"minecraft:white_wool":8,"minecraft:bone":2,"minecraft:stone_axe":1,"minecraft:sugar_cane":6,"minecraft:polished_andesite_slab":4,"biomemakeover:mesmerite":13,"minecraft:soul_lantern":1,"minecraft:rotten_flesh":6,"minecraft:oak_planks":8,"patchouli:guide_book":1,"imbued_gear:crystalline_arrow":1,"fpapmod:diamond_halberd":1,"croptopia:spinach_seed":1,"croptopia:blueberry":1,"minecraft:oak_wood":1,"minecraft:skeleton_skull":6,"minecraft:charcoal":17,"minecraft:chest":1,"biomemakeover:cladding_upgrade_smithing_template":1,"minecraft:arrow":76,"minecraft:campfire":3,"minecraft:glass":1,"minecraft:iron_ingot":4,"amethyst_imbuement:glistering_tome":2,"minecraft:wheat_seeds":3,"simplyswords:soulrender":1,"clutter:copper_coin":21,"biomemakeover:illunite_block":15,"minecraft:feather":32,"minecraft:cobblestone":45,"minecraft:apple":5,"wizards:wand_frost":1,"minecraft:granite":1,"minecraft:copper_ingot":169,"biomemakeover:cladded_boots":1,"minecraft:stick":44,"minecraft:gray_wool":1,"minecraft:torch":4,"minecraft:brown_wool":105,"minecraft:zombie_head":3,"croptopia:nectarine":6,"minecraft:pumpkin":1,"biomemakeover:rootling_seeds":1,"minecraft:white_banner":4,"minecraft:smooth_stone":2,"minecraft:tripwire_hook":1,"wizards:wand_arcane":1,"minecraft:furnace":5,"minecraft:moss_carpet":3,"minecraft:soul_soil":1,"minecraft:player_head":13,"minecraft:stone_sword":4,"minecraft:raw_copper":9,"minecraft:chicken":4,"croptopia:raspberry_seed":12,"regions_unexplored:clover":8,"minecraft:cyan_wool":1,"minecraft:bundle":1,"minecraft:yellow_bed":2,"travelersbackpack:crafting_upgrade":1,"minecraft:pink_wool":1,"minecraft:oak_boat":1,"croptopia:radish":1,"minecraft:carved_pumpkin":4,"simplyswords:iron_longsword":4,"biomemakeover:illunite_shard":4,"croptopia:peach":32,"minecraft:bow":1,"minecraft:stone_pickaxe":2},"minecraft:used":{"minecraft:player_head":1,"minecraft:carrot":1,"travelersbackpack:emerald":19,"minecraft:lantern":2,"simplyswords:iron_longsword":40,"minecraft:bow":5,"minecraft:furnace":7,"minecraft:stone_pickaxe":95,"minecraft:oak_planks":1,"minecraft:blue_bed":2,"minecraft:sand":7,"minecraft:bread":7,"minecraft:diamond_sword":20,"minecraft:stone_sword":51,"minecraft:redstone_ore":1,"minecraft:cooked_chicken":6,"minecraft:torch":7,"minecraft:dirt":6,"simplyswords:soulrender":175,"minecraft:granite":1,"minecraft:chipped_anvil":1,"minecraft:iron_boots":1,"minecraft:cooked_beef":29,"minecraft:cooked_mutton":15,"minecraft:birch_boat":1,"minecraft:crafting_table":12,"minecraft:campfire":1,"minecraft:painting":1,"minecraft:apple":26,"minecraft:iron_pickaxe":240,"fpapmod:diamond_halberd":73,"minecraft:stone_axe":76,"minecraft:pink_bed":5,"minecraft:cobblestone":92,"minecraft:potion":1,"travelersbackpack:standard":4,"minecraft:pumpkin_pie":3},"minecraft:broken":{"minecraft:iron_boots":2,"minecraft:iron_leggings":1,"magistuarmory:rustedhalfarmor_chestplate":1,"minecraft:leather_helmet":1,"minecraft:stone_sword":1,"biomemakeover:cladded_leggings":1,"magistuarmory:rustedcrusader_chestplate":1,"minecraft:iron_pickaxe":1},"minecraft:picked_up":{"minecraft:diamond_sword":1,"minecraft:potion":2,"minecraft:soul_soil":1,"minecraft:raw_copper":91,"biomemakeover:cladded_chestplate":1,"minecraft:sticky_piston":1,"minecraft:armor_stand":1,"minecraft:zombie_head":3,"minecraft:smooth_stone":2,"croptopia:blueberry":1,"minecraft:furnace":10,"minecraft:iron_boots":1,"minecraft:stick":49,"minecraft:torch":8,"minecraft:spruce_stairs":1,"minecraft:porkchop":12,"magistuarmory:rustedcrusader_chestplate":1,"minecraft:stone_sword":3,"minecraft:rotten_flesh":45,"croptopia:raspberry_seed":8,"minecraft:carved_pumpkin":5,"witcher_rpg:silver_ingot":3,"minecraft:cobblestone":249,"minecraft:birch_log":3,"minecraft:cooked_beef":18,"minecraft:feather":32,"croptopia:radish":1,"croptopia:nectarine":6,"minecraft:brown_wool":70,"minecraft:potato":2,"croptopia:spinach":1,"minecraft:lapis_lazuli":16,"minecraft:dirt":6,"minecraft:lantern":2,"biomemakeover:crude_fragment":13,"biomemakeover:crude_cladding":1,"minecraft:chipped_anvil":1,"minecraft:glass":1,"minecraft:bone":13,"travelersbackpack:backpack_tank":1,"croptopia:sweetpotato":1,"minecraft:bow":2,"minecraft:wheat_seeds":6,"biomemakeover:cladded_leggings":1,"biomemakeover:illunite_shard":4,"witcher_rpg:steel_ingot":2,"minecraft:oak_planks":23,"clutter:rare_coin_pouch":1,"minecraft:cooked_porkchop":11,"biomemakeover:mesmerite":13,"minecraft:sand":53,"simplyswords:soulrender":1,"biomemakeover:rootling_seeds":1,"biomemakeover:illunite_block":15,"croptopia:spinach_seed":1,"minecraft:mossy_cobblestone":1,"minecraft:bundle":1,"clutter:copper_coin":21,"minecraft:soul_lantern":1,"minecraft:diamond":4,"wizards:wand_arcane":1,"regions_unexplored:clover":8,"minecraft:crossbow":6,"minecraft:granite":2,"minecraft:emerald":3,"minecraft:oak_sapling":1,"minecraft:charcoal":2,"minecraft:crafting_table":11,"minecraft:chicken":6,"croptopia:peach":24,"minecraft:golden_pickaxe":1,"runes:crafting_altar":1,"croptopia:sweetpotato_seed":2,"fpapmod:diamond_halberd":2,"minecraft:moss_carpet":3,"more_rpg_classes:hardened_leather":2,"graveyard:corruption":3,"clutter:uncommon_coin_pouch":2,"crystals_overhauled:malachite":5,"simplyswords:iron_longsword":4,"minecraft:beef":90,"minecraft:player_head":21,"minecraft:cyan_wool":1,"minecraft:poppy":2,"minecraft:light_gray_wool":1,"minecraft:lectern":2,"minecraft:sugar_cane":12,"minecraft:chest":2,"minecraft:piston":9,"minecraft:raw_iron":15,"minecraft:copper_ingot":45,"regions_unexplored:blue_lupine":1,"minecraft:spruce_fence":3,"minecraft:carrot":23,"wizards:wand_frost":1,"minecraft:arrow":80,"minecraft:hay_block":1,"spell_engine:spell_binding":1,"minecraft:totem_of_undying":2,"minecraft:saddle":6,"minecraft:gold_ingot":5,"minecraft:mutton":2,"minecraft:bone_block":1,"minecraft:rail":6,"minecraft:skeleton_skull":6,"minecraft:white_wool":9,"magistuarmory:rustedhalfarmor_chestplate":1,"minecraft:tripwire_hook":1,"minecraft:leather":62,"minecraft:yellow_dye":4,"travelersbackpack:red_sleeping_bag":1,"minecraft:birch_planks":6,"minecraft:oak_log":29,"minecraft:blue_bed":2,"minecraft:white_banner":5,"minecraft:cooked_mutton":1,"cleannarsenal:something_heavy":2,"amethyst_imbuement:glistering_tome":1,"minecraft:apple":11,"minecraft:iron_ingot":29,"minecraft:polished_andesite_slab":4,"minecraft:soul_sand":7,"minecraft:book":45,"minecraft:pink_bed":4,"minecraft:birch_boat":1,"minecraft:pumpkin":8,"minecraft:dandelion":4,"minecraft:amethyst_shard":4,"clutter:common_coin_pouch":1,"perfectbirbs:shoebill_plushie":1,"biomemakeover:cladding_upgrade_smithing_template":6,"minecraft:oak_wood":1,"minecraft:firework_rocket":15,"biomemakeover:cladded_boots":1,"minecraft:campfire":2,"magistuarmory:rustedcrusader_boots":1,"minecraft:painting":1,"minecraft:gray_wool":2,"minecraft:coal":148},"minecraft:custom":{"lootr:looted_stat":45,"minecraft:interact_with_crafting_table":63,"minecraft:eat_cake_slice":4,"minecraft:leave_game":14,"minecraft:time_since_death":19805,"minecraft:sprint_one_cm":576009,"minecraft:drop":204,"minecraft:play_time":412197,"minecraft:deaths":25,"minecraft:jump":3702,"minecraft:walk_on_water_one_cm":10205,"minecraft:interact_with_furnace":177,"minecraft:interact_with_cartography_table":1,"minecraft:interact_with_loom":1,"minecraft:sleep_in_bed":22,"minecraft:damage_dealt":19165,"minecraft:player_kills":1,"minecraft:crouch_one_cm":9559,"minecraft:interact_with_smoker":9,"minecraft:interact_with_smithing_table":4,"minecraft:interact_with_anvil":3,"minecraft:mob_kills":110,"minecraft:interact_with_campfire":23,"minecraft:damage_dealt_resisted":7550,"minecraft:climb_one_cm":6648,"minecraft:walk_one_cm":804867,"minecraft:damage_dealt_absorbed":2104,"minecraft:sneak_time":5544,"minecraft:walk_under_water_one_cm":2078,"minecraft:boat_one_cm":41677,"minecraft:interact_with_blast_furnace":7,"minecraft:total_world_time":412197,"minecraft:tune_noteblock":1,"minecraft:raid_trigger":1,"minecraft:hex":0,"minecraft:time_since_rest":16527,"minecraft:damage_taken":14497,"minecraft:damage_absorbed":274,"minecraft:swim_one_cm":175,"minecraft:fly_one_cm":648152,"minecraft:open_chest":44,"minecraft:fall_one_cm":80645},"minecraft:mined":{"regions_unexplored:blue_lupine":1,"minecraft:pink_bed":4,"minecraft:carved_pumpkin":1,"minecraft:granite":2,"minecraft:budding_amethyst":1,"minecraft:grass_block":2,"minecraft:soul_soil":1,"minecraft:spawner":1,"minecraft:iron_ore":14,"minecraft:sticky_piston":1,"minecraft:fire":3,"regions_unexplored:mossy_stone":1,"crystals_overhauled:malachite_ore":3,"minecraft:pumpkin":7,"minecraft:moss_carpet":1,"minecraft:player_head":1,"minecraft:spruce_slab":4,"minecraft:amethyst_cluster":1,"minecraft:cobblestone":21,"minecraft:sugar_cane":2,"minecraft:oak_planks":1,"minecraft:wall_torch":4,"minecraft:cyan_wool":1,"graveyard:oak_coffin":2,"minecraft:birch_log":3,"minecraft:grass":16,"minecraft:oak_log":27,"minecraft:sand":39,"minecraft:dirt":3,"regions_unexplored:clover":2,"minecraft:piston":9,"minecraft:oak_leaves":7,"biomemakeover:budding_illunite":4,"soulsweapons:verglas_ore":1,"minecraft:spruce_fence":3,"minecraft:polished_andesite_slab":1,"minecraft:large_fern":1,"minecraft:hay_block":1,"minecraft:furnace":5,"runes:crafting_altar":1,"minecraft:andesite":1,"minecraft:bookshelf":15,"minecraft:rail":6,"regions_unexplored:medium_grass":2,"minecraft:stone":232,"minecraft:soul_sand":7,"minecraft:dandelion":4,"croptopia:sweetpotato_crop":1,"minecraft:crafting_table":10,"minecraft:andesite_slab":1,"minecraft:lectern":2,"minecraft:campfire":1,"minecraft:tall_grass":4,"minecraft:copper_ore":23,"minecraft:blue_bed":2,"biomemakeover:mesmerite":13,"minecraft:spruce_stairs":1,"minecraft:birch_planks":1,"minecraft:light_blue_bed":1,"spell_engine:spell_binding":1,"biomemakeover:illunite_block":16,"minecraft:coal_ore":142,"minecraft:chipped_anvil":1,"minecraft:fern":1}},"DataVersion":3465}