{"stats":{"minecraft:crafted":{"minecraft:smooth_stone":2,"minecraft:oak_planks":16,"minecraft:charcoal":18,"minecraft:crafting_table":1,"minecraft:stick":8,"minecraft:stone_pickaxe":3,"minecraft:stone_sword":2,"minecraft:furnace":2,"minecraft:stone":2,"minecraft:stone_axe":3,"minecraft:air":0},"minecraft:dropped":{"amethyst_imbuement:glistering_tome":1,"minecraft:oak_log":1,"minecraft:stone_sword":1,"minecraft:bundle":1,"minecraft:crafting_table":1,"minecraft:cobblestone":4},"minecraft:used":{"minecraft:apple":4,"minecraft:stone_pickaxe":18,"minecraft:oak_planks":1,"minecraft:torch":2,"minecraft:stone_axe":20,"minecraft:dirt":2,"minecraft:sand":3,"minecraft:crafting_table":2,"minecraft:furnace":1},"minecraft:picked_up":{"minecraft:crafting_table":2,"minecraft:torch":1,"minecraft:sand":4,"minecraft:oak_log":23,"minecraft:lapis_lazuli":6,"minecraft:dirt":2,"minecraft:bundle":1,"amethyst_imbuement:glistering_tome":1,"minecraft:stone_sword":1,"minecraft:emerald":1,"minecraft:oak_planks":1,"minecraft:coal":17,"minecraft:cobblestone":98},"minecraft:custom":{"minecraft:time_since_rest":35559,"minecraft:interact_with_furnace":12,"minecraft:sprint_one_cm":16983,"minecraft:damage_taken":130,"minecraft:walk_one_cm":44057,"minecraft:drop":9,"minecraft:interact_with_crafting_table":7,"minecraft:fly_one_cm":16208,"minecraft:play_time":35559,"minecraft:crouch_one_cm":414,"minecraft:sneak_time":95,"minecraft:walk_under_water_one_cm":637,"minecraft:jump":143,"minecraft:time_since_death":35559,"minecraft:walk_on_water_one_cm":1549,"minecraft:total_world_time":35559,"minecraft:hex":0,"minecraft:fall_one_cm":3889},"minecraft:mined":{"minecraft:crafting_table":1,"minecraft:grass_block":1,"minecraft:oak_log":22,"minecraft:coal_ore":17,"minecraft:dirt":1,"minecraft:stone":94,"minecraft:oak_planks":1}},"DataVersion":3465}