{"stats":{"minecraft:crafted":{"minecraft:oak_planks":36,"minecraft:smooth_stone":2,"minecraft:crafting_table":1,"minecraft:pink_bed":2,"minecraft:furnace":4,"minecraft:stone":2,"minecraft:campfire":3,"minecraft:stone_axe":3,"minecraft:air":0,"minecraft:oak_boat":2,"minecraft:charcoal":18,"minecraft:stick":24,"minecraft:iron_ingot":3,"minecraft:stone_pickaxe":3,"minecraft:stone_sword":2,"minecraft:torch":4},"minecraft:killed":{"minecraft:pig":4,"minecraft:sheep":2,"minecraft:skeleton":1,"minecraft:drowned":1,"minecraft:cow":3},"minecraft:dropped":{"amethyst_imbuement:glistering_tome":1,"minecraft:stone_axe":1,"minecraft:oak_log":1,"minecraft:stone_sword":2,"minecraft:crafting_table":1,"minecraft:cobblestone":36,"wizards:wand_frost":1,"minecraft:bundle":1,"minecraft:charcoal":17,"minecraft:pink_wool":1,"minecraft:oak_boat":1,"minecraft:sand":3,"minecraft:stone_pickaxe":1,"wizards:wand_arcane":1},"minecraft:used":{"minecraft:stone_sword":31,"minecraft:stone_pickaxe":48,"minecraft:oak_planks":1,"minecraft:torch":4,"minecraft:dirt":2,"minecraft:sand":5,"minecraft:crafting_table":5,"minecraft:apple":9,"minecraft:bread":7,"minecraft:stone_axe":37,"minecraft:cobblestone":37,"minecraft:furnace":2},"minecraft:picked_up":{"minecraft:crafting_table":6,"minecraft:cooked_beef":1,"croptopia:nectarine":6,"minecraft:leather":4,"minecraft:oak_log":28,"minecraft:lapis_lazuli":8,"minecraft:dirt":3,"amethyst_imbuement:glistering_tome":1,"minecraft:bone":3,"minecraft:beef":10,"minecraft:sugar_cane":6,"minecraft:oak_planks":1,"minecraft:furnace":1,"minecraft:raw_iron":3,"minecraft:pumpkin":7,"minecraft:torch":4,"minecraft:porkchop":12,"minecraft:sand":8,"minecraft:bundle":1,"wizards:wand_frost":1,"minecraft:stone_sword":1,"minecraft:rotten_flesh":1,"wizards:wand_arcane":1,"minecraft:gray_wool":1,"minecraft:saddle":1,"minecraft:emerald":1,"minecraft:mutton":1,"minecraft:white_wool":1,"minecraft:skeleton_skull":1,"minecraft:coal":40,"minecraft:bone_block":1,"minecraft:cobblestone":169},"minecraft:custom":{"minecraft:interact_with_furnace":15,"minecraft:mob_kills":11,"minecraft:interact_with_crafting_table":17,"minecraft:damage_dealt_resisted":261,"minecraft:leave_game":2,"minecraft:time_since_death":76616,"minecraft:hex":0,"minecraft:time_since_rest":76616,"minecraft:sprint_one_cm":80853,"minecraft:damage_taken":655,"minecraft:walk_one_cm":126164,"minecraft:drop":21,"minecraft:damage_dealt":1117,"minecraft:damage_dealt_absorbed":119,"minecraft:fly_one_cm":73489,"minecraft:crouch_one_cm":474,"minecraft:play_time":76616,"minecraft:sneak_time":293,"minecraft:walk_under_water_one_cm":927,"minecraft:boat_one_cm":34667,"minecraft:jump":481,"minecraft:walk_on_water_one_cm":2874,"minecraft:total_world_time":76616,"minecraft:fall_one_cm":8939},"minecraft:mined":{"minecraft:crafting_table":5,"minecraft:grass_block":2,"minecraft:cobblestone":1,"minecraft:sugar_cane":2,"minecraft:oak_planks":1,"minecraft:wall_torch":3,"minecraft:furnace":1,"minecraft:iron_ore":2,"minecraft:pumpkin":7,"minecraft:oak_log":27,"minecraft:coal_ore":39,"minecraft:dirt":1,"minecraft:stone":162}},"DataVersion":3465}