{"stats":{"minecraft:crafted":{"minecraft:yellow_wool":6,"minecraft:smooth_stone":2,"minecraft:oak_planks":196,"minecraft:rotten_flesh":18,"travelersbackpack:crafting_upgrade":3,"minecraft:pink_bed":2,"minecraft:birch_boat":2,"minecraft:cooked_chicken":6,"minecraft:stone":2,"clutter:beer_mug":4,"minecraft:bookshelf":23,"minecraft:cooked_mutton":16,"minecraft:glass":89,"biomemakeover:cooked_glowfish":3,"minecraft:iron_boots":1,"minecraft:chest":6,"handcrafted:wood_cup":3,"minecraft:oak_slab":6,"travelersbackpack:iron_tier_upgrade":5,"minecraft:emerald":6,"minecraft:cooked_porkchop":13,"minecraft:crafting_table":7,"minecraft:spruce_planks":72,"travelersbackpack:standard":1,"minecraft:baked_potato":6,"minecraft:copper_ingot":152,"minecraft:birch_planks":20,"minecraft:campfire":3,"travelersbackpack:emerald":4,"minecraft:diamond_pickaxe":1,"minecraft:charcoal":18,"minecraft:yellow_dye":8,"minecraft:stick":36,"minecraft:iron_ingot":27,"minecraft:iron_pickaxe":2,"minecraft:stone_sword":2,"minecraft:wooden_sword":1,"minecraft:fishing_rod":1,"minecraft:furnace":7,"minecraft:yellow_bed":1,"minecraft:bone_meal":48,"travelersbackpack:blank_upgrade":8,"travelersbackpack:gold_tier_upgrade":1,"minecraft:flint_and_steel":1,"minecraft:stone_pickaxe":3,"minecraft:cobbled_deepslate_stairs":4,"minecraft:wheat":9,"minecraft:cooked_beef":107,"minecraft:spruce_sign":3,"minecraft:enchanting_table":1,"travelersbackpack:backpack_tank":9,"regions_unexplored:blue_painted_planks":8,"minecraft:blue_bed":1,"minecraft:cooked_salmon":3,"minecraft:stone_axe":3,"minecraft:rabbit_foot":2,"minecraft:air":0,"minecraft:bread":6,"minecraft:blue_dye":1,"minecraft:oak_boat":2,"regions_unexplored:blue_painted_slab":6,"minecraft:gunpowder":9,"minecraft:torch":28,"clutter:wooden_mug":3},"minecraft:killed_by":{"minecraft:evoker":1,"minecraft:piglin_brute":7,"minecraft:ravager":6,"minecraft:vindicator":5,"minecraft:zombie":4,"minecraft:vex":1,"minecraft:player":1,"minecraft:enderman":1,"minecraft:skeleton":3},"minecraft:killed":{"minecraft:witch":3,"minecraft:spider":3,"minecraft:skeleton":9,"clutter:beaver":1,"minecraft:chicken":8,"minecraft:piglin_brute":10,"minecraft:pig":4,"minecraft:creeper":3,"minecraft:sheep":5,"minecraft:pillager":26,"minecraft:zombie":26,"batsgalore:biggest_fan_bat":3,"minecraft:cow":45,"minecraft:evoker":4,"minecraft:vex":16,"graveyard:nightmare":1,"biomemakeover:rootling":3,"minecraft:vindicator":4,"minecraft:horse":3,"minecraft:drowned":1,"graveyard:ghoul":1,"minecraft:ravager":2,"minecraft:player":2,"minecraft:villager":2,"minecraft:enderman":2},"minecraft:dropped":{"mythicmetals:raw_tin":16,"minecraft:cooked_beef":5,"minecraft:oak_log":2,"minecraft:diamond":1,"minecraft:crafting_table":1,"minecraft:crossbow":5,"minecraft:leather":4,"biomemakeover:crude_fragment":6,"spell_engine:spell_binding":1,"minecraft:fletching_table":1,"travelersbackpack:iron_tier_upgrade":2,"minecraft:iron_horse_armor":1,"croptopia:spinach":1,"minecraft:saddle":4,"travelersbackpack:standard":1,"graveyard:corruption":2,"minecraft:leather_helmet":1,"minecraft:melon":4,"minecraft:yellow_dye":3,"minecraft:snowball":6,"croptopia:sweetpotato_seed":2,"minecraft:bone_meal":27,"mythicmetals:raw_banglum":3,"minecraft:sand":9,"travelersbackpack:backpack_tank":1,"minecraft:white_wool":9,"minecraft:bone":11,"minecraft:stone_axe":1,"minecraft:sugar_cane":6,"minecraft:polished_andesite_slab":4,"biomemakeover:mesmerite":13,"minecraft:soul_lantern":1,"minecraft:rotten_flesh":14,"minecraft:oak_planks":10,"minecraft:cooked_mutton":2,"minecraft:carrot":6,"minecraft:rabbit_foot":4,"patchouli:guide_book":1,"imbued_gear:crystalline_arrow":1,"fpapmod:diamond_halberd":1,"croptopia:spinach_seed":1,"crystals_overhauled:heliodor":7,"croptopia:blueberry":1,"minecraft:oak_wood":1,"minecraft:skeleton_skull":9,"minecraft:charcoal":17,"crystals_overhauled:celestite":2,"minecraft:leather_boots":1,"minecraft:chest":1,"biomemakeover:cladding_upgrade_smithing_template":1,"minecraft:arrow":76,"minecraft:glass":40,"minecraft:campfire":3,"minecraft:beef":23,"nyfsbp:vex_banner_pattern":1,"minecraft:bread":6,"minecraft:iron_ingot":4,"amethyst_imbuement:glistering_tome":2,"minecraft:wheat_seeds":12,"simplyswords:soulrender":1,"clutter:copper_coin":21,"minecraft:cobblestone":48,"minecraft:feather":32,"biomemakeover:illunite_block":15,"artifacts:whoopee_cushion":2,"minecraft:apple":5,"wizards:wand_frost":1,"minecraft:granite":1,"minecraft:copper_ingot":169,"minecraft:grass_block":2,"minecraft:coal":5,"biomemakeover:cladded_boots":1,"minecraft:stick":65,"minecraft:gray_wool":1,"minecraft:torch":5,"minecraft:brown_wool":105,"minecraft:cooked_salmon":3,"minecraft:zombie_head":10,"croptopia:nectarine":6,"minecraft:pumpkin":3,"biomemakeover:rootling_seeds":1,"minecraft:white_banner":4,"minecraft:smooth_stone":2,"minecraft:string":1,"minecraft:tripwire_hook":1,"minecraft:spruce_sapling":1,"wizards:wand_arcane":1,"nyfsbp:moon_banner_pattern":1,"minecraft:furnace":5,"minecraft:moss_carpet":3,"minecraft:soul_soil":1,"minecraft:player_head":17,"minecraft:stone_sword":5,"minecraft:raw_copper":9,"minecraft:chicken":6,"croptopia:raspberry_seed":12,"regions_unexplored:clover":8,"minecraft:iron_boots":1,"biomemakeover:witch_hat":1,"minecraft:potato":1,"minecraft:cyan_wool":2,"magistuarmory:rustedchainmail_helmet":1,"minecraft:bundle":1,"minecraft:diamond_pickaxe":1,"travelersbackpack:crafting_upgrade":1,"minecraft:yellow_bed":2,"minecraft:pink_wool":5,"minecraft:oak_boat":1,"minecraft:oak_sapling":1,"croptopia:radish":1,"minecraft:carved_pumpkin":4,"simplyswords:iron_longsword":4,"minecraft:birch_boat":2,"biomemakeover:illunite_shard":4,"croptopia:peach":32,"minecraft:bow":3,"minecraft:stone_pickaxe":2,"amethyst_imbuement:accursed_figurine":1},"minecraft:used":{"minecraft:chest":1,"minecraft:player_head":1,"minecraft:carrot":4,"travelersbackpack:emerald":28,"minecraft:obsidian":21,"minecraft:glass":2,"minecraft:lava_bucket":2,"biomemakeover:cooked_glowfish":6,"minecraft:villager_spawn_egg":5,"minecraft:lantern":4,"minecraft:grass_block":1,"simplyswords:iron_longsword":185,"minecraft:bow":5,"clutter:hops_seeds":3,"minecraft:oak_sapling":1,"minecraft:furnace":7,"regions_unexplored:spruce_shrub":2,"minecraft:oak_planks":77,"minecraft:stone_pickaxe":95,"spell_engine:spell_binding":1,"minecraft:blue_bed":7,"minecraft:white_wool":1,"minecraft:sand":33,"minecraft:blast_furnace":1,"minecraft:cobbled_deepslate_stairs":2,"minecraft:firework_rocket":10,"minecraft:zombie_head":5,"minecraft:bread":32,"minecraft:diamond_sword":24,"minecraft:grindstone":2,"minecraft:cooked_rabbit":4,"minecraft:bone_meal":14,"minecraft:flint_and_steel":1,"minecraft:stone_sword":51,"minecraft:enchanting_table":1,"minecraft:redstone_ore":1,"minecraft:cooked_chicken":6,"minecraft:torch":31,"minecraft:dirt":96,"simplyswords:soulrender":288,"minecraft:granite":1,"minecraft:spruce_fence":3,"minecraft:chipped_anvil":1,"minecraft:bookshelf":23,"minecraft:iron_axe":86,"minecraft:iron_boots":1,"minecraft:podzol":1,"minecraft:cooked_beef":35,"minecraft:cobbled_deepslate":24,"minecraft:wheat_seeds":56,"minecraft:cooked_mutton":15,"minecraft:water_bucket":11,"clutter:beer_mug":2,"minecraft:birch_planks":8,"minecraft:baked_potato":4,"minecraft:birch_boat":4,"minecraft:spruce_sign":2,"minecraft:crafting_table":13,"minecraft:white_bed":4,"minecraft:campfire":1,"minecraft:painting":1,"minecraft:diamond_pickaxe":9,"minecraft:piston":3,"minecraft:apple":58,"runes:crafting_altar":2,"minecraft:iron_pickaxe":581,"fpapmod:diamond_halberd":157,"minecraft:stone_axe":130,"minecraft:pink_bed":5,"minecraft:potion":1,"minecraft:cobblestone":556,"travelersbackpack:standard":4,"minecraft:cooked_porkchop":4,"minecraft:bucket":27,"minecraft:pumpkin_pie":4},"minecraft:broken":{"immersive_armors:wooden_leggings":1,"minecraft:iron_boots":3,"minecraft:iron_leggings":1,"minecraft:stone_axe":1,"magistuarmory:rustedhalfarmor_chestplate":1,"minecraft:leather_helmet":1,"minecraft:stone_sword":1,"magistuarmory:rustedkettlehat":1,"biomemakeover:cladded_leggings":1,"magistuarmory:rustedcrusader_chestplate":2,"minecraft:iron_pickaxe":2},"minecraft:picked_up":{"minecraft:wheat":20,"minecraft:creeper_head":3,"minecraft:diamond_sword":1,"minecraft:potion":2,"minecraft:brewing_stand":1,"minecraft:string":6,"minecraft:dark_oak_trapdoor":3,"minecraft:soul_soil":1,"minecraft:raw_copper":96,"biomemakeover:cladded_chestplate":1,"minecraft:sticky_piston":1,"minecraft:armor_stand":1,"minecraft:zombie_head":21,"minecraft:smooth_stone":2,"minecraft:gold_nugget":1,"minecraft:cobbled_deepslate":30,"minecraft:bucket":3,"croptopia:blueberry":1,"minecraft:melon_slice":4,"minecraft:iron_boots":1,"minecraft:furnace":10,"minecraft:stick":64,"biomemakeover:bulbus_root":3,"minecraft:torch":10,"minecraft:spruce_stairs":1,"minecraft:porkchop":12,"minecraft:villager_spawn_egg":5,"magistuarmory:rustedcrusader_chestplate":2,"minecraft:rabbit_foot":2,"minecraft:stone_sword":4,"minecraft:rotten_flesh":83,"crystals_overhauled:heliodor":7,"croptopia:raspberry_seed":8,"minecraft:carved_pumpkin":5,"witcher_rpg:silver_ingot":3,"minecraft:obsidian":7,"minecraft:cobblestone":655,"minecraft:birch_log":4,"minecraft:cooked_beef":19,"minecraft:feather":32,"croptopia:radish":1,"croptopia:nectarine":6,"minecraft:brown_wool":70,"minecraft:potato":4,"croptopia:spinach":1,"clutter:beer_mug":1,"minecraft:flint":1,"minecraft:lapis_lazuli":38,"minecraft:dirt":96,"minecraft:lantern":4,"biomemakeover:crude_fragment":13,"biomemakeover:crude_cladding":1,"minecraft:leather_boots":2,"travelersbackpack:backpack_tank":1,"minecraft:glass":1,"minecraft:bone":25,"minecraft:chipped_anvil":1,"croptopia:sweetpotato":1,"minecraft:bow":4,"minecraft:wheat_seeds":72,"biomemakeover:cladded_leggings":1,"minecraft:grindstone":2,"biomemakeover:illunite_shard":4,"witcher_rpg:steel_ingot":2,"minecraft:fletching_table":1,"minecraft:oak_planks":36,"clutter:rare_coin_pouch":1,"minecraft:cooked_porkchop":11,"biomemakeover:mesmerite":13,"minecraft:sand":131,"simplyswords:soulrender":1,"biomemakeover:rootling_seeds":5,"clutter:hops":8,"minecraft:grass_block":3,"biomemakeover:illunite_block":15,"croptopia:spinach_seed":1,"minecraft:mossy_cobblestone":1,"minecraft:bundle":1,"clutter:copper_coin":21,"minecraft:diamond":7,"wizards:wand_arcane":1,"minecraft:soul_lantern":1,"regions_unexplored:clover":8,"minecraft:crossbow":6,"minecraft:granite":2,"minecraft:bone_meal":2,"minecraft:spruce_sign":1,"minecraft:emerald":9,"minecraft:bread":8,"minecraft:oak_sapling":3,"minecraft:diamond_pickaxe":1,"minecraft:charcoal":2,"minecraft:crafting_table":12,"minecraft:chicken":8,"croptopia:peach":24,"minecraft:golden_pickaxe":1,"runes:crafting_altar":2,"croptopia:sweetpotato_seed":2,"fpapmod:diamond_halberd":2,"minecraft:moss_carpet":3,"minecraft:iron_axe":1,"regions_unexplored:spruce_shrub":2,"more_rpg_classes:hardened_leather":2,"graveyard:corruption":4,"clutter:uncommon_coin_pouch":2,"crystals_overhauled:malachite":5,"simplyswords:iron_longsword":4,"minecraft:beef":136,"immersive_armors:wooden_leggings":1,"minecraft:player_head":25,"minecraft:cyan_wool":2,"minecraft:poppy":2,"minecraft:light_gray_wool":1,"minecraft:lectern":2,"minecraft:sugar_cane":12,"minecraft:chest":2,"minecraft:piston":12,"minecraft:raw_iron":18,"minecraft:copper_ingot":45,"minecraft:spruce_fence":6,"regions_unexplored:blue_lupine":1,"magistuarmory:rustedkettlehat":2,"mythicmetals:raw_tin":16,"minecraft:redstone":2,"minecraft:carrot":32,"wizards:wand_frost":1,"minecraft:arrow":100,"minecraft:hay_block":1,"spell_engine:spell_binding":2,"minecraft:saddle":6,"minecraft:gold_ingot":7,"minecraft:totem_of_undying":3,"minecraft:mutton":4,"minecraft:bone_block":1,"minecraft:rail":6,"minecraft:skeleton_skull":9,"minecraft:white_wool":11,"magistuarmory:rustedhalfarmor_chestplate":1,"minecraft:tripwire_hook":1,"clutter:hops_seeds":3,"mythicmetals:raw_banglum":3,"minecraft:leather":84,"minecraft:yellow_dye":4,"travelersbackpack:red_sleeping_bag":1,"minecraft:birch_planks":14,"minecraft:oak_log":72,"minecraft:cobbled_deepslate_stairs":1,"minecraft:gunpowder":2,"minecraft:blue_bed":6,"minecraft:white_banner":5,"cleannarsenal:something_heavy":4,"minecraft:cooked_mutton":1,"minecraft:podzol":1,"nyfsbp:vex_banner_pattern":1,"amethyst_imbuement:glistering_tome":1,"nyfsbp:moon_banner_pattern":1,"minecraft:apple":21,"artifacts:whoopee_cushion":1,"minecraft:iron_ingot":38,"minecraft:glass_bottle":1,"minecraft:polished_andesite_slab":4,"minecraft:soul_sand":7,"minecraft:book":87,"minecraft:pink_bed":4,"minecraft:birch_boat":4,"minecraft:pumpkin":10,"minecraft:dandelion":4,"minecraft:amethyst_shard":4,"minecraft:spider_eye":16,"minecraft:spruce_sapling":1,"minecraft:blast_furnace":1,"minecraft:white_bed":4,"minecraft:spruce_log":24,"clutter:common_coin_pouch":1,"perfectbirbs:shoebill_plushie":1,"amethyst_imbuement:accursed_figurine":4,"biomemakeover:cladding_upgrade_smithing_template":6,"minecraft:oak_wood":1,"minecraft:firework_rocket":23,"magistuarmory:rustedchainmail_helmet":1,"biomemakeover:cladded_boots":1,"minecraft:campfire":2,"biomemakeover:witch_hat":1,"magistuarmory:rustedcrusader_boots":2,"minecraft:painting":1,"minecraft:gray_wool":2,"crystals_overhauled:celestite":4,"minecraft:coal":273,"minecraft:ender_pearl":6},"minecraft:custom":{"lootr:looted_stat":56,"minecraft:interact_with_crafting_table":73,"minecraft:bell_ring":8,"minecraft:eat_cake_slice":4,"minecraft:leave_game":19,"minecraft:time_since_death":40274,"minecraft:sprint_one_cm":1479926,"minecraft:drop":358,"minecraft:play_noteblock":1,"minecraft:talked_to_villager":35,"minecraft:play_time":921834,"minecraft:deaths":29,"minecraft:jump":7993,"minecraft:interact_with_brewingstand":1,"minecraft:walk_on_water_one_cm":14841,"minecraft:enchant_item":6,"minecraft:interact_with_furnace":230,"minecraft:traded_with_villager":6,"minecraft:interact_with_cartography_table":3,"minecraft:interact_with_loom":3,"minecraft:sleep_in_bed":54,"minecraft:damage_dealt":32272,"minecraft:player_kills":2,"minecraft:crouch_one_cm":30352,"minecraft:interact_with_smoker":11,"minecraft:interact_with_smithing_table":6,"minecraft:interact_with_anvil":13,"minecraft:mob_kills":185,"minecraft:interact_with_campfire":23,"minecraft:damage_dealt_resisted":15605,"minecraft:climb_one_cm":12802,"minecraft:walk_one_cm":1733312,"minecraft:damage_dealt_absorbed":6009,"minecraft:sneak_time":14907,"minecraft:walk_under_water_one_cm":2645,"minecraft:boat_one_cm":53669,"minecraft:interact_with_blast_furnace":15,"minecraft:total_world_time":921834,"minecraft:tune_noteblock":24,"minecraft:raid_trigger":1,"minecraft:interact_with_grindstone":12,"minecraft:interact_with_stonecutter":1,"minecraft:hex":0,"minecraft:time_since_rest":19070,"minecraft:damage_taken":19274,"minecraft:damage_absorbed":1618,"minecraft:swim_one_cm":521,"minecraft:fly_one_cm":1504201,"minecraft:open_chest":124,"minecraft:fall_one_cm":176242},"minecraft:mined":{"minecraft:white_bed":4,"regions_unexplored:blue_lupine":1,"minecraft:pink_bed":4,"minecraft:cobbled_deepslate_stairs":1,"minecraft:orange_wool":2,"minecraft:obsidian":7,"minecraft:brewing_stand":1,"minecraft:carved_pumpkin":1,"minecraft:granite":2,"minecraft:budding_amethyst":1,"minecraft:grass_block":57,"minecraft:soul_soil":1,"crystals_overhauled:celestite_ore":1,"minecraft:spawner":1,"minecraft:dark_oak_trapdoor":3,"minecraft:iron_ore":17,"minecraft:sticky_piston":1,"minecraft:fire":4,"minecraft:cobbled_deepslate":10,"regions_unexplored:mossy_stone":1,"crystals_overhauled:malachite_ore":3,"minecraft:moss_carpet":1,"minecraft:pumpkin":7,"minecraft:fletching_table":1,"minecraft:dirt_path":1,"minecraft:player_head":1,"minecraft:spruce_slab":4,"minecraft:amethyst_cluster":1,"biomemakeover:black_wall_tapestry":1,"minecraft:blast_furnace":1,"minecraft:melon":1,"expores:experience_ore":4,"minecraft:cobblestone":49,"minecraft:oak_planks":12,"minecraft:grindstone":2,"minecraft:sugar_cane":2,"minecraft:wall_torch":4,"minecraft:spruce_sign":1,"minecraft:deepslate_copper_ore":1,"minecraft:cyan_wool":1,"graveyard:oak_coffin":2,"minecraft:birch_log":4,"minecraft:wheat":23,"clutter:beer_mug":1,"minecraft:grass":50,"minecraft:oak_log":70,"minecraft:dirt":37,"minecraft:sand":108,"regions_unexplored:clover":2,"minecraft:piston":12,"minecraft:oak_leaves":57,"minecraft:deepslate":21,"biomemakeover:budding_illunite":4,"soulsweapons:verglas_ore":1,"regions_unexplored:spruce_shrub":3,"minecraft:spruce_fence":7,"minecraft:polished_andesite_slab":1,"minecraft:spruce_leaves":9,"minecraft:large_fern":1,"minecraft:hay_block":1,"minecraft:furnace":5,"mythicmetals:kyber_ore":1,"runes:crafting_altar":2,"minecraft:andesite":1,"mythicmetals:tin_ore":10,"minecraft:bookshelf":29,"minecraft:rail":6,"regions_unexplored:medium_grass":34,"minecraft:stone":613,"minecraft:white_wool":1,"minecraft:soul_sand":7,"crystals_overhauled:heliodor_ore":3,"minecraft:dandelion":4,"croptopia:sweetpotato_crop":1,"minecraft:crafting_table":12,"minecraft:emerald_ore":2,"minecraft:andesite_slab":1,"minecraft:campfire":1,"minecraft:lectern":2,"minecraft:copper_ore":23,"minecraft:tall_grass":22,"minecraft:blue_bed":6,"biomemakeover:mesmerite":13,"minecraft:spruce_stairs":1,"minecraft:birch_planks":9,"minecraft:light_blue_bed":1,"spell_engine:spell_binding":2,"biomemakeover:illunite_block":16,"minecraft:spruce_log":24,"minecraft:coal_ore":269,"minecraft:zombie_head":5,"minecraft:chipped_anvil":1,"mythicmetals:banglum_ore":2,"minecraft:fern":14}},"DataVersion":3465}