{"stats":{"minecraft:crafted":{"minecraft:oak_door":3,"minecraft:oak_planks":52,"minecraft:cooked_porkchop":11,"minecraft:crafting_table":3,"minecraft:pink_bed":1,"minecraft:wooden_pickaxe":1,"minecraft:furnace":1,"minecraft:stone_axe":1,"minecraft:air":0,"minecraft:stick":24,"minecraft:stone_pickaxe":2,"minecraft:stone_sword":1,"minecraft:chest":2,"minecraft:torch":68},"minecraft:killed_by":{"minecraft:hoglin":1,"minecraft:witch":1,"minecraft:pillager":1},"minecraft:dropped":{"batsgalore:wither_skull_candy":1},"minecraft:killed":{"minecraft:pig":3,"graveyard:skeleton_creeper":1,"minecraft:zombie":1,"batsgalore:wither_skeleton_bat":2,"minecraft:chicken":3,"minecraft:cow":1},"minecraft:used":{"minecraft:stone_sword":54,"minecraft:stone_pickaxe":258,"minecraft:chest":1,"minecraft:wooden_pickaxe":26,"minecraft:oak_door":1,"minecraft:torch":6,"minecraft:dirt":1,"minecraft:crafting_table":5,"minecraft:apple":8,"minecraft:gravel":1,"minecraft:stone_axe":15,"minecraft:pink_bed":2,"minecraft:cobblestone":93,"minecraft:furnace":1,"minecraft:cooked_porkchop":2},"minecraft:broken":{"minecraft:stone_pickaxe":1,"magistuarmory:rustedchainmail_helmet":1},"minecraft:picked_up":{"minecraft:crafting_table":2,"minecraft:feather":15,"minecraft:chicken":4,"minecraft:crimson_stem":11,"minecraft:leather":2,"minecraft:potato":2,"minecraft:flint":1,"minecraft:oak_log":11,"minecraft:lapis_lazuli":4,"minecraft:dirt":2,"minecraft:cooked_salmon":3,"minecraft:cooked_mutton":2,"minecraft:glass":39,"minecraft:zombie_head":5,"minecraft:bone":2,"minecraft:wheat_seeds":2,"batsgalore:wither_skull_candy":2,"minecraft:egg":1,"minecraft:pink_bed":1,"minecraft:cooked_porkchop":1,"minecraft:gravel":1,"minecraft:porkchop":11,"minecraft:sand":8,"mythicmetals:raw_tin":7,"minecraft:carrot":7,"magistuarmory:rustedchainmail_helmet":1,"minecraft:rotten_flesh":15,"minecraft:diamond":2,"biomemakeover:witch_hat":1,"minecraft:saddle":1,"minecraft:coal":106,"minecraft:cobblestone":165},"minecraft:custom":{"minecraft:interact_with_furnace":6,"minecraft:mob_kills":11,"minecraft:interact_with_crafting_table":15,"minecraft:damage_dealt_resisted":557,"minecraft:leave_game":3,"minecraft:time_since_death":19538,"minecraft:sleep_in_bed":3,"minecraft:climb_one_cm":748,"minecraft:hex":0,"minecraft:time_since_rest":7459,"minecraft:sprint_one_cm":25588,"minecraft:damage_taken":1227,"minecraft:walk_one_cm":206738,"minecraft:drop":1,"minecraft:damage_dealt":1303,"minecraft:damage_dealt_absorbed":358,"minecraft:fly_one_cm":30496,"minecraft:open_chest":6,"minecraft:crouch_one_cm":34,"minecraft:play_time":102342,"minecraft:deaths":3,"minecraft:sneak_time":72,"minecraft:walk_under_water_one_cm":269,"minecraft:jump":587,"minecraft:walk_on_water_one_cm":5409,"minecraft:total_world_time":102342,"minecraft:fall_one_cm":7167},"minecraft:mined":{"minecraft:pink_bed":1,"regions_unexplored:red_lupine":1,"minecraft:crafting_table":2,"minecraft:grass_block":1,"minecraft:tall_grass":1,"minecraft:cobblestone":9,"minecraft:crimson_stem":11,"minecraft:fire":3,"mythicmetals:tin_ore":6,"minecraft:coal_ore":104,"minecraft:oak_log":11,"minecraft:gravel":2,"minecraft:dirt":4,"regions_unexplored:medium_grass":2,"minecraft:stone":159,"minecraft:oak_leaves":9,"minecraft:fern":1}},"DataVersion":3465}