{"stats":{"minecraft:crafted":{"minecraft:oak_planks":28,"minecraft:crafting_table":2,"minecraft:stick":24,"minecraft:pink_bed":1,"minecraft:wooden_pickaxe":1,"minecraft:stone_pickaxe":2,"minecraft:stone_sword":1,"minecraft:torch":68,"minecraft:stone_axe":1},"minecraft:killed_by":{"minecraft:hoglin":1,"minecraft:witch":1},"minecraft:dropped":{"batsgalore:wither_skull_candy":1},"minecraft:killed":{"minecraft:zombie":1,"minecraft:pig":3,"graveyard:skeleton_creeper":1,"batsgalore:wither_skeleton_bat":2,"minecraft:chicken":3},"minecraft:used":{"minecraft:stone_sword":52,"minecraft:apple":8,"minecraft:stone_pickaxe":249,"minecraft:wooden_pickaxe":26,"minecraft:gravel":1,"minecraft:pink_bed":1,"minecraft:stone_axe":15,"minecraft:torch":6,"minecraft:dirt":1,"minecraft:crafting_table":3},"minecraft:broken":{"minecraft:stone_pickaxe":1},"minecraft:picked_up":{"minecraft:crafting_table":1,"minecraft:feather":15,"minecraft:chicken":4,"minecraft:cooked_porkchop":1,"minecraft:crimson_stem":11,"minecraft:potato":2,"minecraft:gravel":1,"minecraft:porkchop":11,"minecraft:flint":1,"minecraft:sand":8,"minecraft:oak_log":11,"mythicmetals:raw_tin":7,"minecraft:carrot":1,"minecraft:lapis_lazuli":4,"minecraft:dirt":1,"minecraft:bone":2,"magistuarmory:rustedchainmail_helmet":1,"minecraft:zombie_head":5,"minecraft:rotten_flesh":15,"minecraft:diamond":2,"minecraft:wheat_seeds":1,"biomemakeover:witch_hat":1,"minecraft:saddle":1,"batsgalore:wither_skull_candy":2,"minecraft:coal":106,"minecraft:cobblestone":156,"minecraft:egg":1},"minecraft:custom":{"minecraft:time_since_rest":984,"minecraft:sprint_one_cm":21634,"minecraft:damage_taken":712,"minecraft:walk_one_cm":162598,"minecraft:mob_kills":10,"minecraft:drop":1,"minecraft:damage_dealt":1203,"minecraft:damage_dealt_absorbed":358,"minecraft:interact_with_crafting_table":7,"minecraft:fly_one_cm":25606,"minecraft:play_time":78342,"minecraft:deaths":2,"minecraft:sneak_time":46,"minecraft:walk_under_water_one_cm":269,"minecraft:damage_dealt_resisted":557,"minecraft:jump":506,"minecraft:leave_game":3,"minecraft:time_since_death":18530,"minecraft:walk_on_water_one_cm":5409,"minecraft:sleep_in_bed":1,"minecraft:total_world_time":78342,"minecraft:climb_one_cm":748,"minecraft:hex":0,"minecraft:fall_one_cm":5870},"minecraft:mined":{"mythicmetals:tin_ore":6,"minecraft:crafting_table":1,"minecraft:oak_log":11,"minecraft:coal_ore":104,"minecraft:gravel":2,"minecraft:dirt":4,"regions_unexplored:medium_grass":1,"minecraft:stone":159,"minecraft:oak_leaves":9,"minecraft:crimson_stem":11}},"DataVersion":3465}