{"stats":{"minecraft:crafted":{"minecraft:oak_planks":8,"minecraft:crafting_table":1,"minecraft:wooden_pickaxe":1,"minecraft:stone_pickaxe":1,"minecraft:stone_sword":1,"minecraft:stone_axe":1},"minecraft:killed_by":{"minecraft:hoglin":1},"minecraft:dropped":{"batsgalore:wither_skull_candy":1},"minecraft:killed":{"minecraft:zombie":1,"minecraft:pig":1,"batsgalore:wither_skeleton_bat":2},"minecraft:used":{"minecraft:stone_sword":13,"minecraft:apple":7,"minecraft:stone_pickaxe":32,"minecraft:wooden_pickaxe":26,"minecraft:stone_axe":1,"minecraft:crafting_table":1},"minecraft:picked_up":{"minecraft:crafting_table":1,"minecraft:cooked_porkchop":1,"minecraft:crimson_stem":11,"minecraft:porkchop":4,"minecraft:sand":1,"minecraft:oak_log":2,"magistuarmory:rustedchainmail_helmet":1,"minecraft:zombie_head":1,"minecraft:rotten_flesh":2,"minecraft:diamond":1,"minecraft:wheat_seeds":1,"batsgalore:wither_skull_candy":2,"minecraft:cobblestone":52},"minecraft:custom":{"minecraft:time_since_rest":15594,"minecraft:sprint_one_cm":5802,"minecraft:damage_taken":522,"minecraft:walk_one_cm":58045,"minecraft:mob_kills":4,"minecraft:drop":1,"minecraft:damage_dealt":417,"minecraft:damage_dealt_absorbed":118,"minecraft:interact_with_crafting_table":2,"minecraft:fly_one_cm":10670,"minecraft:play_time":48561,"minecraft:deaths":1,"minecraft:sneak_time":46,"minecraft:walk_under_water_one_cm":269,"minecraft:damage_dealt_resisted":220,"minecraft:jump":259,"minecraft:leave_game":2,"minecraft:walk_on_water_one_cm":4720,"minecraft:time_since_death":15553,"minecraft:climb_one_cm":748,"minecraft:total_world_time":48561,"minecraft:hex":0,"minecraft:fall_one_cm":3966},"minecraft:mined":{"minecraft:crafting_table":1,"minecraft:oak_log":2,"minecraft:dirt":3,"regions_unexplored:medium_grass":1,"minecraft:stone":55,"minecraft:oak_leaves":1,"minecraft:crimson_stem":11}},"DataVersion":3465}