{"stats":{"minecraft:crafted":{"minecraft:cooked_beef":2,"minecraft:oak_door":3,"minecraft:oak_planks":124,"minecraft:emerald":2,"minecraft:cooked_porkchop":11,"minecraft:crafting_table":4,"minecraft:spruce_planks":12,"travelersbackpack:backpack_tank":3,"minecraft:pink_bed":1,"minecraft:wooden_pickaxe":1,"minecraft:furnace":3,"minecraft:bone_meal":9,"minecraft:stone_axe":1,"minecraft:air":0,"minecraft:stick":24,"minecraft:iron_ingot":6,"minecraft:iron_pickaxe":1,"minecraft:stone_pickaxe":3,"minecraft:stone_sword":1,"minecraft:chest":12,"minecraft:torch":68},"minecraft:killed_by":{"minecraft:player":6,"minecraft:hoglin":1,"minecraft:skeleton":1,"minecraft:creeper":2,"minecraft:spider":1,"minecraft:witch":1,"minecraft:zombie":3,"minecraft:pillager":1},"minecraft:killed":{"minecraft:pig":3,"graveyard:skeleton_creeper":1,"minecraft:sheep":1,"minecraft:skeleton":2,"minecraft:zombie":3,"batsgalore:wither_skeleton_bat":2,"minecraft:chicken":4,"biomemakeover:glowfish":4,"minecraft:cow":4},"minecraft:dropped":{"minecraft:gravel":10,"minecraft:wheat_seeds":13,"minecraft:rotten_flesh":7,"batsgalore:wither_skull_candy":1,"minecraft:sand":1},"minecraft:used":{"minecraft:cooked_mutton":2,"minecraft:stone_sword":105,"minecraft:stone_pickaxe":365,"minecraft:chest":7,"minecraft:wooden_pickaxe":37,"minecraft:oak_door":3,"minecraft:torch":16,"minecraft:dirt":1,"minecraft:crafting_table":8,"minecraft:glass":14,"minecraft:apple":8,"minecraft:iron_pickaxe":10,"minecraft:gravel":1,"minecraft:stone_axe":61,"minecraft:pink_bed":2,"minecraft:cobblestone":218,"minecraft:furnace":2,"minecraft:cooked_porkchop":4,"magistuarmory:rusted_bastardsword":5,"minecraft:cooked_beef":1},"minecraft:broken":{"minecraft:stone_pickaxe":2,"magistuarmory:rustedchainmail_helmet":1},"minecraft:picked_up":{"biomemakeover:glowfish":3,"minecraft:crafting_table":4,"minecraft:feather":19,"minecraft:cooked_beef":1,"minecraft:chicken":6,"minecraft:crimson_stem":11,"mythicmetals:raw_banglum":3,"clutter:hops_seeds":1,"minecraft:leather":7,"minecraft:potato":15,"minecraft:flint":1,"minecraft:oak_log":32,"mythicmetals:raw_kyber":2,"minecraft:lapis_lazuli":9,"minecraft:dirt":59,"minecraft:cooked_salmon":3,"minecraft:cooked_mutton":2,"minecraft:glass":39,"minecraft:zombie_head":9,"minecraft:bone":8,"minecraft:wheat_seeds":13,"minecraft:beef":8,"minecraft:iron_ingot":5,"minecraft:player_head":12,"batsgalore:wither_skull_candy":2,"minecraft:sugar_cane":1,"minecraft:chest":1,"minecraft:furnace":1,"minecraft:egg":1,"minecraft:raw_iron":6,"minecraft:pink_bed":1,"minecraft:stick":10,"minecraft:cooked_porkchop":1,"minecraft:gravel":11,"minecraft:porkchop":11,"minecraft:sand":14,"mythicmetals:raw_tin":7,"minecraft:spruce_log":3,"minecraft:carrot":23,"magistuarmory:rustedchainmail_helmet":1,"minecraft:arrow":20,"minecraft:rotten_flesh":26,"mythicmetals:raw_manganese":9,"minecraft:diamond":2,"magistuarmory:rusted_bastardsword":1,"biomemakeover:witch_hat":1,"minecraft:bone_meal":1,"minecraft:saddle":1,"minecraft:gold_ingot":1,"minecraft:oak_sapling":4,"minecraft:mutton":1,"minecraft:black_wool":1,"minecraft:skeleton_skull":2,"minecraft:coal":107,"minecraft:cobblestone":268},"minecraft:custom":{"lootr:looted_stat":4,"minecraft:interact_with_furnace":14,"minecraft:mob_kills":24,"minecraft:traded_with_villager":2,"minecraft:interact_with_crafting_table":28,"minecraft:damage_dealt_resisted":1495,"minecraft:leave_game":3,"minecraft:time_since_death":12339,"minecraft:sleep_in_bed":5,"minecraft:climb_one_cm":2490,"minecraft:hex":0,"minecraft:time_since_rest":11189,"minecraft:sprint_one_cm":42395,"minecraft:damage_taken":5396,"minecraft:walk_one_cm":429604,"minecraft:drop":9,"minecraft:damage_dealt":3041,"minecraft:damage_dealt_absorbed":835,"minecraft:talked_to_villager":3,"minecraft:fly_one_cm":56296,"minecraft:open_chest":19,"minecraft:crouch_one_cm":285,"minecraft:play_time":162342,"minecraft:deaths":16,"minecraft:sneak_time":183,"minecraft:walk_under_water_one_cm":452,"minecraft:jump":1119,"minecraft:walk_on_water_one_cm":32265,"minecraft:total_world_time":162342,"minecraft:fall_one_cm":18293},"minecraft:mined":{"minecraft:pink_bed":1,"regions_unexplored:red_lupine":1,"minecraft:crafting_table":4,"minecraft:grass_block":18,"minecraft:chest":1,"minecraft:copper_ore":2,"minecraft:tall_grass":4,"minecraft:cobblestone":26,"minecraft:spruce_leaves":5,"minecraft:sugar_cane":1,"minecraft:diorite":4,"minecraft:crimson_stem":11,"minecraft:furnace":1,"minecraft:iron_ore":6,"minecraft:fire":6,"mythicmetals:manganese_ore":6,"minecraft:spruce_log":2,"crystals_overhauled:malachite_ore":1,"mythicmetals:tin_ore":6,"minecraft:grass":8,"minecraft:coal_ore":104,"minecraft:oak_log":32,"minecraft:gravel":2,"minecraft:dirt":5,"regions_unexplored:medium_grass":7,"minecraft:stone":238,"minecraft:oak_leaves":24,"minecraft:fern":4}},"DataVersion":3465}