{"stats":{"minecraft:crafted":{"minecraft:oak_planks":8,"minecraft:crafting_table":1,"minecraft:wooden_pickaxe":1,"minecraft:stone_pickaxe":1,"minecraft:stone_sword":1,"minecraft:stone_axe":1},"minecraft:killed_by":{"minecraft:hoglin":1,"minecraft:witch":1},"minecraft:dropped":{"batsgalore:wither_skull_candy":1},"minecraft:killed":{"minecraft:zombie":1,"minecraft:pig":3,"batsgalore:wither_skeleton_bat":2,"minecraft:chicken":3},"minecraft:used":{"minecraft:stone_sword":49,"minecraft:apple":8,"minecraft:stone_pickaxe":51,"minecraft:wooden_pickaxe":26,"minecraft:stone_axe":1,"minecraft:crafting_table":2},"minecraft:picked_up":{"minecraft:crafting_table":1,"minecraft:feather":15,"minecraft:chicken":4,"minecraft:cooked_porkchop":1,"minecraft:crimson_stem":11,"minecraft:potato":2,"minecraft:gravel":1,"minecraft:porkchop":11,"minecraft:flint":1,"minecraft:sand":2,"minecraft:oak_log":2,"minecraft:carrot":1,"minecraft:lapis_lazuli":1,"magistuarmory:rustedchainmail_helmet":1,"minecraft:zombie_head":5,"minecraft:rotten_flesh":15,"minecraft:diamond":2,"minecraft:wheat_seeds":1,"biomemakeover:witch_hat":1,"minecraft:saddle":1,"batsgalore:wither_skull_candy":2,"minecraft:coal":13,"minecraft:cobblestone":55,"minecraft:egg":1},"minecraft:custom":{"minecraft:time_since_rest":2382,"minecraft:sprint_one_cm":12828,"minecraft:damage_taken":712,"minecraft:walk_one_cm":116879,"minecraft:mob_kills":9,"minecraft:drop":1,"minecraft:damage_dealt":1003,"minecraft:damage_dealt_absorbed":358,"minecraft:interact_with_crafting_table":2,"minecraft:fly_one_cm":19836,"minecraft:play_time":60342,"minecraft:deaths":2,"minecraft:sneak_time":46,"minecraft:walk_under_water_one_cm":269,"minecraft:damage_dealt_resisted":557,"minecraft:jump":383,"minecraft:leave_game":3,"minecraft:time_since_death":530,"minecraft:walk_on_water_one_cm":5409,"minecraft:total_world_time":60342,"minecraft:climb_one_cm":748,"minecraft:hex":0,"minecraft:fall_one_cm":4976},"minecraft:mined":{"minecraft:crafting_table":1,"minecraft:oak_log":2,"minecraft:coal_ore":13,"minecraft:gravel":2,"minecraft:dirt":3,"regions_unexplored:medium_grass":1,"minecraft:stone":58,"minecraft:oak_leaves":1,"minecraft:crimson_stem":11}},"DataVersion":3465}