{"stats":{"minecraft:crafted":{"minecraft:oak_door":3,"minecraft:oak_planks":52,"minecraft:emerald":2,"minecraft:cooked_porkchop":11,"minecraft:crafting_table":4,"minecraft:spruce_planks":4,"minecraft:pink_bed":1,"minecraft:wooden_pickaxe":1,"minecraft:furnace":3,"minecraft:stone_axe":1,"minecraft:air":0,"minecraft:stick":24,"minecraft:iron_ingot":3,"minecraft:iron_pickaxe":1,"minecraft:stone_pickaxe":3,"minecraft:stone_sword":1,"minecraft:chest":2,"minecraft:torch":68},"minecraft:killed_by":{"minecraft:player":1,"minecraft:hoglin":1,"minecraft:creeper":2,"minecraft:spider":1,"minecraft:witch":1,"minecraft:zombie":2,"minecraft:pillager":1},"minecraft:killed":{"minecraft:pig":3,"graveyard:skeleton_creeper":1,"minecraft:sheep":1,"minecraft:skeleton":1,"minecraft:zombie":1,"batsgalore:wither_skeleton_bat":2,"minecraft:chicken":4,"biomemakeover:glowfish":4,"minecraft:cow":4},"minecraft:dropped":{"minecraft:wheat_seeds":9,"minecraft:rotten_flesh":3,"batsgalore:wither_skull_candy":1},"minecraft:used":{"minecraft:stone_sword":76,"minecraft:stone_pickaxe":268,"minecraft:chest":1,"minecraft:wooden_pickaxe":37,"minecraft:oak_door":1,"minecraft:torch":11,"minecraft:dirt":1,"minecraft:crafting_table":7,"minecraft:apple":8,"minecraft:gravel":1,"minecraft:stone_axe":16,"minecraft:pink_bed":2,"minecraft:cobblestone":94,"minecraft:furnace":2,"minecraft:cooked_porkchop":4},"minecraft:broken":{"minecraft:stone_pickaxe":2,"magistuarmory:rustedchainmail_helmet":1},"minecraft:picked_up":{"biomemakeover:glowfish":3,"minecraft:crafting_table":3,"minecraft:feather":19,"minecraft:cooked_beef":1,"minecraft:chicken":6,"minecraft:crimson_stem":11,"clutter:hops_seeds":1,"minecraft:leather":4,"minecraft:potato":15,"minecraft:flint":1,"minecraft:oak_log":11,"minecraft:lapis_lazuli":6,"minecraft:dirt":42,"minecraft:cooked_salmon":3,"minecraft:cooked_mutton":2,"minecraft:glass":39,"minecraft:zombie_head":6,"minecraft:bone":5,"minecraft:wheat_seeds":9,"minecraft:beef":8,"minecraft:iron_ingot":3,"minecraft:player_head":5,"batsgalore:wither_skull_candy":2,"minecraft:sugar_cane":1,"minecraft:egg":1,"minecraft:raw_iron":6,"minecraft:pink_bed":1,"minecraft:stick":8,"minecraft:cooked_porkchop":1,"minecraft:gravel":6,"minecraft:porkchop":11,"minecraft:sand":13,"mythicmetals:raw_tin":7,"minecraft:spruce_log":1,"minecraft:carrot":22,"magistuarmory:rustedchainmail_helmet":1,"minecraft:arrow":10,"minecraft:rotten_flesh":18,"minecraft:diamond":2,"magistuarmory:rusted_bastardsword":1,"biomemakeover:witch_hat":1,"minecraft:bone_meal":1,"minecraft:saddle":1,"minecraft:gold_ingot":1,"minecraft:mutton":1,"minecraft:black_wool":1,"minecraft:skeleton_skull":1,"minecraft:coal":107,"minecraft:cobblestone":178},"minecraft:custom":{"minecraft:interact_with_furnace":9,"minecraft:mob_kills":21,"minecraft:traded_with_villager":2,"minecraft:interact_with_crafting_table":19,"minecraft:damage_dealt_resisted":826,"minecraft:leave_game":3,"minecraft:time_since_death":2982,"minecraft:sleep_in_bed":4,"minecraft:climb_one_cm":748,"minecraft:hex":0,"minecraft:time_since_rest":3024,"minecraft:sprint_one_cm":36673,"minecraft:damage_taken":3575,"minecraft:walk_one_cm":296459,"minecraft:drop":3,"minecraft:damage_dealt":2231,"minecraft:damage_dealt_absorbed":473,"minecraft:talked_to_villager":2,"minecraft:fly_one_cm":51565,"minecraft:open_chest":10,"minecraft:crouch_one_cm":34,"minecraft:play_time":126342,"minecraft:deaths":9,"minecraft:sneak_time":72,"minecraft:walk_under_water_one_cm":452,"minecraft:jump":923,"minecraft:walk_on_water_one_cm":32003,"minecraft:total_world_time":126342,"minecraft:fall_one_cm":15948},"minecraft:mined":{"minecraft:pink_bed":1,"regions_unexplored:red_lupine":1,"minecraft:crafting_table":3,"minecraft:grass_block":1,"minecraft:tall_grass":1,"minecraft:cobblestone":9,"minecraft:sugar_cane":1,"minecraft:crimson_stem":11,"minecraft:iron_ore":6,"minecraft:fire":5,"mythicmetals:tin_ore":6,"minecraft:coal_ore":104,"minecraft:oak_log":11,"minecraft:gravel":2,"minecraft:dirt":4,"regions_unexplored:medium_grass":2,"minecraft:stone":164,"minecraft:oak_leaves":9,"minecraft:fern":1}},"DataVersion":3465}