{"stats":{"minecraft:killed_by":{"minecraft:hoglin":1},"minecraft:killed":{"batsgalore:wither_skeleton_bat":2},"minecraft:dropped":{"batsgalore:wither_skull_candy":1},"minecraft:used":{"minecraft:apple":3},"minecraft:picked_up":{"minecraft:crimson_stem":11,"batsgalore:wither_skull_candy":2},"minecraft:custom":{"minecraft:time_since_rest":3594,"minecraft:play_time":36561,"minecraft:sprint_one_cm":8,"minecraft:walk_one_cm":16762,"minecraft:damage_taken":382,"minecraft:deaths":1,"minecraft:walk_under_water_one_cm":269,"minecraft:mob_kills":2,"minecraft:drop":1,"minecraft:jump":109,"minecraft:damage_dealt":120,"minecraft:leave_game":2,"minecraft:time_since_death":3553,"minecraft:walk_on_water_one_cm":372,"minecraft:total_world_time":36561,"minecraft:climb_one_cm":724,"minecraft:hex":0,"minecraft:fall_one_cm":1076,"minecraft:fly_one_cm":471},"minecraft:mined":{"minecraft:crimson_stem":11}},"DataVersion":3465}