{"stats":{"minecraft:crafted":{"minecraft:oak_door":3,"minecraft:oak_planks":52,"minecraft:emerald":2,"minecraft:cooked_porkchop":11,"minecraft:crafting_table":3,"minecraft:pink_bed":1,"minecraft:wooden_pickaxe":1,"minecraft:furnace":1,"minecraft:stone_axe":1,"minecraft:air":0,"minecraft:stick":24,"minecraft:stone_pickaxe":2,"minecraft:stone_sword":1,"minecraft:chest":2,"minecraft:torch":68},"minecraft:killed_by":{"minecraft:player":1,"minecraft:hoglin":1,"minecraft:creeper":2,"minecraft:spider":1,"minecraft:witch":1,"minecraft:pillager":1},"minecraft:dropped":{"batsgalore:wither_skull_candy":1},"minecraft:killed":{"minecraft:pig":3,"graveyard:skeleton_creeper":1,"minecraft:skeleton":1,"minecraft:zombie":1,"batsgalore:wither_skeleton_bat":2,"minecraft:chicken":4,"minecraft:cow":1},"minecraft:used":{"minecraft:stone_sword":68,"minecraft:stone_pickaxe":258,"minecraft:chest":1,"minecraft:wooden_pickaxe":26,"minecraft:oak_door":1,"minecraft:torch":6,"minecraft:dirt":1,"minecraft:crafting_table":5,"minecraft:apple":8,"minecraft:gravel":1,"minecraft:stone_axe":15,"minecraft:pink_bed":2,"minecraft:cobblestone":94,"minecraft:furnace":1,"minecraft:cooked_porkchop":4},"minecraft:broken":{"minecraft:stone_pickaxe":1,"magistuarmory:rustedchainmail_helmet":1},"minecraft:picked_up":{"minecraft:crafting_table":2,"minecraft:feather":19,"minecraft:chicken":6,"minecraft:crimson_stem":11,"clutter:hops_seeds":1,"minecraft:leather":2,"minecraft:potato":15,"minecraft:flint":1,"minecraft:oak_log":11,"minecraft:lapis_lazuli":6,"minecraft:dirt":42,"minecraft:cooked_salmon":3,"minecraft:cooked_mutton":2,"minecraft:glass":39,"minecraft:zombie_head":6,"minecraft:bone":5,"minecraft:wheat_seeds":9,"minecraft:iron_ingot":3,"minecraft:player_head":3,"batsgalore:wither_skull_candy":2,"minecraft:egg":1,"minecraft:pink_bed":1,"minecraft:stick":8,"minecraft:cooked_porkchop":1,"minecraft:gravel":6,"minecraft:porkchop":11,"minecraft:sand":12,"mythicmetals:raw_tin":7,"minecraft:spruce_log":1,"minecraft:carrot":22,"magistuarmory:rustedchainmail_helmet":1,"minecraft:arrow":10,"minecraft:rotten_flesh":18,"minecraft:diamond":2,"magistuarmory:rusted_bastardsword":1,"biomemakeover:witch_hat":1,"minecraft:saddle":1,"minecraft:skeleton_skull":1,"minecraft:coal":107,"minecraft:cobblestone":173},"minecraft:custom":{"minecraft:interact_with_furnace":6,"minecraft:mob_kills":13,"minecraft:traded_with_villager":2,"minecraft:interact_with_crafting_table":16,"minecraft:damage_dealt_resisted":826,"minecraft:leave_game":3,"minecraft:time_since_death":8131,"minecraft:sleep_in_bed":4,"minecraft:climb_one_cm":748,"minecraft:hex":0,"minecraft:time_since_rest":7070,"minecraft:sprint_one_cm":34101,"minecraft:damage_taken":3103,"minecraft:walk_one_cm":266320,"minecraft:drop":1,"minecraft:damage_dealt":1703,"minecraft:damage_dealt_absorbed":473,"minecraft:talked_to_villager":2,"minecraft:fly_one_cm":46025,"minecraft:open_chest":8,"minecraft:crouch_one_cm":34,"minecraft:play_time":114342,"minecraft:deaths":7,"minecraft:sneak_time":72,"minecraft:walk_under_water_one_cm":452,"minecraft:jump":841,"minecraft:walk_on_water_one_cm":8711,"minecraft:total_world_time":114342,"minecraft:fall_one_cm":14092},"minecraft:mined":{"minecraft:pink_bed":1,"regions_unexplored:red_lupine":1,"minecraft:crafting_table":2,"minecraft:grass_block":1,"minecraft:tall_grass":1,"minecraft:cobblestone":9,"minecraft:crimson_stem":11,"minecraft:fire":4,"mythicmetals:tin_ore":6,"minecraft:coal_ore":104,"minecraft:oak_log":11,"minecraft:gravel":2,"minecraft:dirt":4,"regions_unexplored:medium_grass":2,"minecraft:stone":159,"minecraft:oak_leaves":9,"minecraft:fern":1}},"DataVersion":3465}