{"stats":{"minecraft:crafted":{"minecraft:cooked_beef":14,"minecraft:cooked_porkchop":3,"minecraft:crafting_table":1,"minecraft:spruce_planks":12,"minecraft:pink_bed":1,"minecraft:baked_potato":7,"travelersbackpack:blank_upgrade":4,"travelersbackpack:gold_tier_upgrade":1,"minecraft:cooked_mutton":2,"travelersbackpack:redstone":4,"minecraft:iron_ingot":1,"minecraft:stone_pickaxe":1,"minecraft:chest":1,"minecraft:torch":10},"minecraft:killed_by":{"minecraft:spider":1},"minecraft:dropped":{"minecraft:water_bucket":1,"minecraft:bread":7,"travelersbackpack:redstone":2,"minecraft:wheat_seeds":4,"simplyswords:soulrender":1,"minecraft:player_head":1,"minecraft:baked_potato":12,"minecraft:stone_sword":2,"minecraft:mossy_cobblestone":2,"minecraft:rotten_flesh":4,"minecraft:iron_boots":2,"minecraft:leather":2,"minecraft:apple":9,"minecraft:polished_andesite":1,"minecraft:target":1,"minecraft:stick":13,"minecraft:gray_wool":1,"minecraft:torch":1,"minecraft:spruce_planks":5,"minecraft:leather_boots":1,"artifacts:eternal_steak":1,"minecraft:arrow":16,"minecraft:bucket":5,"spellbladenext:arcane_blade":2,"minecraft:polished_granite":2},"minecraft:used":{"minecraft:water_bucket":1,"minecraft:stone_sword":6,"minecraft:bundle":1,"minecraft:torch":1,"minecraft:crafting_table":1,"simplyswords:soulrender":2,"minecraft:apple":5,"minecraft:iron_pickaxe":56,"minecraft:pink_bed":2,"minecraft:cobblestone":21,"minecraft:furnace":1,"minecraft:cooked_porkchop":5,"minecraft:bucket":7,"minecraft:cooked_beef":2,"travelersbackpack:redstone":7},"minecraft:broken":{"minecraft:leather_helmet":1},"minecraft:picked_up":{"minecraft:wheat":1,"minecraft:cooked_beef":5,"minecraft:chicken":2,"artifacts:eternal_steak":2,"minecraft:water_bucket":5,"minecraft:rabbit_stew":3,"minecraft:leather":13,"minecraft:pink_wool":4,"minecraft:potion":1,"clutter:beer_mug":1,"minecraft:lapis_lazuli":1,"minecraft:string":3,"minecraft:polished_granite":2,"minecraft:zombie_head":1,"travelersbackpack:backpack_tank":2,"minecraft:bow":1,"travelersbackpack:redstone":2,"minecraft:wheat_seeds":4,"minecraft:gold_nugget":1,"minecraft:bucket":2,"minecraft:spruce_planks":5,"minecraft:iron_ingot":2,"minecraft:beef":23,"minecraft:cooked_chicken":2,"minecraft:player_head":1,"minecraft:iron_nugget":1,"minecraft:iron_pickaxe":1,"spellbladenext:arcane_blade":2,"minecraft:oak_planks":9,"minecraft:piston":1,"minecraft:iron_boots":2,"minecraft:furnace":1,"minecraft:pink_bed":2,"minecraft:stick":23,"minecraft:cooked_porkchop":24,"travelersbackpack:iron_tier_upgrade":1,"minecraft:target":1,"artifacts:vampiric_glove":1,"minecraft:sand":1,"simplyswords:soulrender":1,"minecraft:diorite":4,"travelersbackpack:crafting_upgrade":1,"minecraft:spruce_log":2,"minecraft:carrot":31,"minecraft:redstone":25,"minecraft:spider_eye":8,"minecraft:mossy_cobblestone":5,"minecraft:polished_andesite":1,"travelersbackpack:standard":1,"minecraft:stone_sword":2,"minecraft:arrow":37,"minecraft:rotten_flesh":8,"minecraft:emerald":3,"minecraft:bread":3,"minecraft:gold_ingot":8,"minecraft:totem_of_undying":1,"minecraft:baked_potato":12,"minecraft:coal":5,"minecraft:cobblestone":36,"rogues:stone_double_axe":1},"minecraft:custom":{"minecraft:interact_with_smithing_table":4,"lootr:looted_stat":30,"minecraft:interact_with_furnace":9,"minecraft:interact_with_crafting_table":23,"minecraft:bell_ring":2,"minecraft:damage_dealt_resisted":50,"minecraft:time_since_death":26326,"minecraft:sleep_in_bed":5,"minecraft:climb_one_cm":5102,"minecraft:hex":0,"minecraft:time_since_rest":26392,"minecraft:sprint_one_cm":49906,"minecraft:damage_taken":2418,"minecraft:walk_one_cm":302809,"minecraft:drop":57,"minecraft:damage_dealt":107,"minecraft:damage_dealt_absorbed":120,"minecraft:talked_to_villager":1,"minecraft:fly_one_cm":15648,"minecraft:open_chest":9,"minecraft:crouch_one_cm":1582,"minecraft:play_time":129246,"minecraft:deaths":2,"minecraft:sneak_time":958,"minecraft:walk_under_water_one_cm":8807,"minecraft:jump":653,"minecraft:interact_with_blast_furnace":1,"minecraft:walk_on_water_one_cm":2451,"minecraft:total_world_time":129246,"minecraft:interact_with_smoker":8,"minecraft:fall_one_cm":32817},"minecraft:mined":{"minecraft:mossy_cobblestone":3,"minecraft:pink_bed":2,"minecraft:polished_granite":2,"minecraft:emerald_ore":3,"minecraft:cobblestone":9,"minecraft:frosted_ice":6,"minecraft:diorite":10,"minecraft:furnace":1,"minecraft:spruce_log":2,"minecraft:target":1,"minecraft:polished_andesite":1,"minecraft:stone":33,"minecraft:piston":1}},"DataVersion":3465}