{"stats":{"minecraft:crafted":{"minecraft:cooked_beef":12,"minecraft:crafting_table":1,"minecraft:spruce_planks":12,"minecraft:pink_bed":1},"minecraft:dropped":{"minecraft:bread":7,"minecraft:stone_sword":2,"minecraft:torch":1,"minecraft:leather_boots":1,"minecraft:iron_boots":1,"minecraft:apple":9},"minecraft:used":{"minecraft:apple":2,"minecraft:bundle":1,"minecraft:pink_bed":1,"minecraft:crafting_table":1},"minecraft:picked_up":{"minecraft:pink_bed":1,"minecraft:stick":10,"minecraft:wheat":1,"minecraft:cooked_beef":5,"minecraft:chicken":2,"minecraft:pink_wool":4,"minecraft:spruce_log":2,"minecraft:stone_sword":2,"minecraft:zombie_head":1,"minecraft:rotten_flesh":4,"minecraft:bow":1,"minecraft:wheat_seeds":3,"minecraft:iron_ingot":2,"minecraft:beef":23,"minecraft:bread":3,"minecraft:coal":5,"minecraft:cobblestone":6,"minecraft:iron_boots":2},"minecraft:custom":{"minecraft:time_since_rest":29129,"minecraft:interact_with_furnace":5,"lootr:looted_stat":2,"minecraft:sprint_one_cm":20590,"minecraft:damage_taken":51,"minecraft:walk_one_cm":83160,"minecraft:drop":7,"minecraft:interact_with_crafting_table":5,"minecraft:fly_one_cm":3011,"minecraft:open_chest":3,"minecraft:crouch_one_cm":1050,"minecraft:play_time":29129,"minecraft:sneak_time":153,"minecraft:jump":99,"minecraft:interact_with_blast_furnace":1,"minecraft:time_since_death":29129,"minecraft:walk_on_water_one_cm":201,"minecraft:total_world_time":29129,"minecraft:hex":0,"minecraft:fall_one_cm":1437},"minecraft:mined":{"minecraft:pink_bed":1,"minecraft:spruce_log":2,"minecraft:stone":6}},"DataVersion":3465}