{"stats":{"minecraft:crafted":{"minecraft:crafting_table":1,"minecraft:spruce_planks":8},"minecraft:dropped":{"minecraft:bread":7,"minecraft:iron_boots":1,"minecraft:apple":9,"minecraft:stone_sword":2,"minecraft:torch":1,"minecraft:leather_boots":1},"minecraft:used":{"minecraft:crafting_table":1,"minecraft:bundle":1},"minecraft:picked_up":{"minecraft:stick":10,"minecraft:stone_sword":2,"minecraft:zombie_head":1,"minecraft:rotten_flesh":4,"minecraft:iron_ingot":2,"minecraft:spruce_log":2,"minecraft:iron_boots":2},"minecraft:custom":{"minecraft:time_since_rest":17129,"minecraft:open_chest":3,"lootr:looted_stat":2,"minecraft:crouch_one_cm":391,"minecraft:play_time":17129,"minecraft:sprint_one_cm":3396,"minecraft:damage_taken":51,"minecraft:walk_one_cm":27225,"minecraft:sneak_time":69,"minecraft:drop":7,"minecraft:jump":35,"minecraft:time_since_death":17129,"minecraft:total_world_time":17129,"minecraft:hex":0,"minecraft:interact_with_crafting_table":2,"minecraft:fall_one_cm":209,"minecraft:fly_one_cm":781},"minecraft:mined":{"minecraft:spruce_log":2}},"DataVersion":3465}