{"stats":{"minecraft:dropped":{"wizards:wand_frost":1,"wizards:wand_arcane":1},"minecraft:killed":{"minecraft:zombie":1,"minecraft:creeper":2},"minecraft:used":{"minecraft:stone_sword":16,"minecraft:bread":4,"minecraft:stone_pickaxe":23,"minecraft:cobblestone":2},"minecraft:picked_up":{"minecraft:charcoal":17,"minecraft:creeper_head":1,"minecraft:potato":1,"minecraft:sand":5,"minecraft:lapis_lazuli":1,"wizards:wand_frost":1,"minecraft:firework_rocket":7,"minecraft:stone_sword":1,"minecraft:zombie_head":2,"minecraft:rotten_flesh":7,"minecraft:diamond":1,"minecraft:stone_axe":1,"wizards:wand_arcane":1,"minecraft:iron_ingot":1,"minecraft:stone_pickaxe":1,"minecraft:oak_boat":1,"minecraft:cobblestone":53},"minecraft:custom":{"minecraft:time_since_rest":26771,"minecraft:sprint_one_cm":13353,"minecraft:damage_taken":167,"minecraft:walk_one_cm":61991,"minecraft:mob_kills":3,"minecraft:drop":2,"minecraft:damage_dealt":202,"minecraft:damage_dealt_absorbed":286,"minecraft:fly_one_cm":34249,"minecraft:crouch_one_cm":498,"minecraft:play_time":26771,"minecraft:sneak_time":72,"minecraft:walk_under_water_one_cm":3560,"minecraft:jump":186,"minecraft:damage_dealt_resisted":449,"minecraft:leave_game":2,"minecraft:walk_on_water_one_cm":10963,"minecraft:time_since_death":26771,"minecraft:threat":3,"minecraft:total_world_time":26771,"minecraft:hex":0,"minecraft:fall_one_cm":2208},"minecraft:mined":{"minecraft:cobblestone":4,"minecraft:stone":19}},"DataVersion":3465}