{"stats":{"minecraft:killed_by":{"minecraft:drowned":1,"minecraft:spider":1,"minecraft:zombie":1},"minecraft:dropped":{"wizards:wand_frost":1,"wizards:wand_arcane":1},"minecraft:killed":{"minecraft:zombie":1,"minecraft:spider":1,"batsgalore:biggest_fan_bat":1,"minecraft:creeper":2},"minecraft:used":{"minecraft:stone_sword":39,"minecraft:bread":7,"minecraft:stone_pickaxe":24,"minecraft:torch":1,"minecraft:cobblestone":3},"minecraft:picked_up":{"minecraft:charcoal":17,"minecraft:creeper_head":1,"minecraft:pink_wool":1,"minecraft:potato":1,"minecraft:sand":5,"minecraft:lapis_lazuli":1,"wizards:wand_frost":1,"minecraft:firework_rocket":7,"minecraft:stone_sword":1,"minecraft:zombie_head":2,"minecraft:rotten_flesh":7,"minecraft:diamond":1,"minecraft:stone_axe":1,"wizards:wand_arcane":1,"minecraft:iron_ingot":1,"minecraft:stone_pickaxe":1,"minecraft:oak_boat":1,"minecraft:player_head":1,"minecraft:cobblestone":54},"minecraft:custom":{"minecraft:time_since_rest":3760,"minecraft:sprint_one_cm":18589,"minecraft:damage_taken":1214,"minecraft:walk_one_cm":79376,"minecraft:mob_kills":5,"minecraft:drop":2,"minecraft:damage_dealt":582,"minecraft:damage_dealt_absorbed":667,"minecraft:swim_one_cm":7267,"minecraft:fly_one_cm":50830,"minecraft:crouch_one_cm":498,"minecraft:play_time":38771,"minecraft:deaths":3,"minecraft:sneak_time":91,"minecraft:walk_under_water_one_cm":6546,"minecraft:jump":276,"minecraft:damage_dealt_resisted":763,"minecraft:leave_game":2,"minecraft:walk_on_water_one_cm":24699,"minecraft:time_since_death":3672,"minecraft:threat":7,"minecraft:total_world_time":38771,"minecraft:hex":0,"minecraft:fall_one_cm":3986},"minecraft:mined":{"minecraft:cobblestone":5,"minecraft:stone":19}},"DataVersion":3465}