{"stats":{"minecraft:crafted":{"minecraft:oak_planks":128,"rogues:iron_dagger":1,"minecraft:cooked_mutton":8,"minecraft:glass":12,"travelersbackpack:purple_sleeping_bag":1,"runes:frost_stone":24,"minecraft:chest":10,"paladins:holy_wand":2,"minecraft:crafting_table":1,"travelersbackpack:standard":3,"paladins:diamond_holy_wand":1,"minecraft:smithing_table":2,"minecraft:red_wool":4,"minecraft:copper_ingot":11,"minecraft:birch_planks":80,"travelersbackpack:red_sleeping_bag":1,"minecraft:shield":2,"minecraft:purple_dye":3,"minecraft:stick":24,"minecraft:iron_pickaxe":4,"minecraft:iron_ingot":22,"runes:lightning_stone":32,"wizards:wand_fire":1,"minecraft:purple_wool":2,"minecraft:furnace":8,"druids:wand_lightning":1,"simplyswords:iron_rapier":1,"fpapmod:diamond_halberd":2,"minecraft:cooked_beef":10,"minecraft:red_dye":2,"minecraft:amethyst_shard":4,"travelersbackpack:backpack_tank":4,"minecraft:bucket":2,"minecraft:air":0,"basicweapons:iron_dagger":1,"basicweapons:stone_hammer":1,"minecraft:torch":40},"minecraft:killed_by":{"minecraft:piglin_brute":4,"minecraft:creeper":2,"minecraft:ravager":4,"minecraft:drowned":3,"minecraft:vindicator":3,"minecraft:zombie":14,"minecraft:vex":4,"minecraft:player":1,"minecraft:spider":6,"minecraft:skeleton":23},"minecraft:killed":{"minecraft:witch":1,"minecraft:spider":4,"minecraft:skeleton":4,"clutter:beaver":2,"minecraft:pig":8,"minecraft:creeper":10,"minecraft:sheep":19,"minecraft:pillager":2,"minecraft:zombie":9,"batsgalore:biggest_fan_bat":1,"minecraft:cow":30,"biomemakeover:rootling":1,"minecraft:horse":12,"minecraft:drowned":2},"minecraft:dropped":{"minecraft:porkchop":5,"minecraft:birch_planks":6,"mythicmetals:raw_silver":2,"magistuarmory:rustedcrusader_chestplate":2,"minecraft:leather":18,"regions_unexplored:blue_bioshroom":2,"minecraft:flint":1,"croptopia:celery":1,"minecraft:bone_meal":22,"minecraft:sand":3,"minecraft:white_wool":11,"minecraft:polished_andesite_slab":1,"minecraft:andesite_slab":6,"witcher_rpg:steel_ingot":4,"croptopia:tomatillo":1,"minecraft:soul_lantern":1,"minecraft:oak_planks":25,"croptopia:strawberry_seed":1,"perfectbirbs:shoebill_plushie":1,"croptopia:blueberry_seed":2,"fpapmod:diamond_halberd":2,"crystals_overhauled:heliodor":2,"minecraft:skeleton_skull":1,"minecraft:chest":2,"biomemakeover:cladding_upgrade_smithing_template":1,"minecraft:iron_bars":1,"minecraft:beef":4,"graveyard:oak_coffin":5,"minecraft:firework_rocket":15,"minecraft:iron_ingot":24,"minecraft:wheat_seeds":7,"simplyswords:soulrender":1,"minecraft:tnt":1,"biomemakeover:cooked_glowfish":1,"clutter:copper_coin":28,"minecraft:cobblestone":18,"witcher_rpg:silver_ingot":6,"wizards:wand_frost":1,"minecraft:stick":3,"magistuarmory:rustedcrusader_boots":1,"clutter:hops_seeds":1,"minecraft:gray_wool":2,"minecraft:torch":2,"regions_unexplored:purple_lupine":1,"minecraft:zombie_head":5,"minecraft:potion":2,"biomemakeover:rootling_seeds":1,"minecraft:pumpkin":1,"minecraft:white_banner":2,"travelersbackpack:red_sleeping_bag":1,"minecraft:spruce_sapling":1,"minecraft:stone_brick_slab":2,"wizards:wand_arcane":1,"minecraft:creeper_head":11,"minecraft:player_head":15,"minecraft:stone_sword":3,"minecraft:raw_copper":9,"croptopia:strawberry":1,"croptopia:blackberry_seed":2,"minecraft:light_gray_wool":1,"minecraft:iron_boots":1,"regions_unexplored:stripped_pink_bioshroom_stem":1,"minecraft:potato":6,"minecraft:oak_sapling":4,"simplyswords:iron_longsword":1,"minecraft:spruce_log":2,"croptopia:tomatillo_seed":2,"minecraft:stone_pickaxe":2,"biomemakeover:glowshroom_stew":1},"minecraft:used":{"minecraft:chest":5,"minecraft:shield":27,"minecraft:iron_sword":8,"minecraft:bow":16,"minecraft:furnace":8,"minecraft:cooked_cod":4,"simplyswords:iron_rapier":174,"minecraft:stone_pickaxe":91,"minecraft:oak_planks":55,"travelersbackpack:iron_golem":3,"spellbladenext:arcane_blade":76,"minecraft:white_wool":3,"minecraft:crossbow":9,"biomemakeover:illunite_block":3,"minecraft:bread":9,"minecraft:smithing_table":2,"minecraft:oak_boat":1,"minecraft:golden_pickaxe":22,"minecraft:stone_sword":134,"minecraft:torch":47,"minecraft:cooked_beef":16,"croptopia:grape":1,"minecraft:cooked_mutton":6,"minecraft:water_bucket":18,"minecraft:crafting_table":2,"minecraft:apple":4,"minecraft:iron_pickaxe":308,"fpapmod:diamond_halberd":1,"minecraft:stone_axe":67,"minecraft:cobblestone":84,"travelersbackpack:standard":19,"minecraft:cooked_porkchop":4,"minecraft:bucket":19,"minecraft:yellow_bed":8},"minecraft:broken":{"magistuarmory:rustedchainmail_chestplate":1,"minecraft:leather_boots":1,"minecraft:iron_pickaxe":1,"simplyswords:iron_rapier":1,"magistuarmory:rustedchainmail_leggings":1},"minecraft:picked_up":{"minecraft:creeper_head":12,"croptopia:grape_seed":6,"croptopia:tomatillo_seed":2,"minecraft:smithing_table":2,"minecraft:diamond_sword":1,"mythicmetals:raw_kyber":1,"imbued_gear:crystalline_arrow":1,"minecraft:amethyst_block":1,"minecraft:string":6,"minecraft:raw_copper":94,"minecraft:zombie_head":9,"immersive_melodies:triangle":1,"minecraft:furnace":1,"minecraft:stick":4,"biomemakeover:bulbus_root":1,"minecraft:torch":8,"croptopia:blackberry_seed":2,"travelersbackpack:iron_tier_upgrade":1,"minecraft:porkchop":22,"travelersbackpack:crafting_upgrade":1,"magistuarmory:rustedcrusader_chestplate":2,"regions_unexplored:daisy":2,"minecraft:stone_sword":3,"minecraft:rotten_flesh":15,"mythicmetals:raw_manganese":23,"crystals_overhauled:heliodor":2,"witcher_rpg:silver_ingot":3,"minecraft:iron_bars":2,"minecraft:snowball":6,"minecraft:cobblestone":217,"minecraft:birch_log":11,"minecraft:cooked_beef":11,"croptopia:radish":2,"minecraft:andesite":1,"minecraft:brown_wool":36,"minecraft:potato":10,"croptopia:spinach":1,"minecraft:flint":2,"croptopia:blueberry_seed":2,"mythicmetals:raw_platinum":6,"croptopia:celery":1,"minecraft:lapis_lazuli":3,"minecraft:dirt":73,"biomemakeover:crude_fragment":9,"minecraft:bone":26,"minecraft:chipped_anvil":1,"minecraft:bow":3,"minecraft:wheat_seeds":10,"biomemakeover:illunite_shard":8,"witcher_rpg:steel_ingot":2,"mythicmetals:raw_silver":8,"minecraft:oak_planks":12,"clutter:rare_coin_pouch":2,"croptopia:chile_pepper_seed":2,"minecraft:cooked_porkchop":4,"biomemakeover:mesmerite":24,"minecraft:sand":20,"simplyswords:soulrender":1,"biomemakeover:rootling_seeds":3,"mythicmetals:raw_quadrillum":10,"biomemakeover:illunite_block":26,"croptopia:spinach_seed":2,"croptopia:chile_pepper":1,"graveyard:oak_coffin":5,"regions_unexplored:hyssop":6,"clutter:copper_coin":28,"minecraft:diamond":5,"regions_unexplored:willow_shrub":1,"wizards:wand_arcane":1,"minecraft:soul_lantern":1,"croptopia:radish_seed":2,"regions_unexplored:clover":4,"minecraft:crossbow":1,"minecraft:bone_meal":22,"soulsweapons:verglas":1,"minecraft:oak_sapling":4,"minecraft:andesite_slab":6,"minecraft:charcoal":17,"minecraft:crafting_table":1,"minecraft:chicken":4,"croptopia:peach":8,"minecraft:golden_pickaxe":1,"minecraft:pink_wool":1,"regions_unexplored:blue_bioshroom":2,"fpapmod:diamond_halberd":1,"minecraft:moss_carpet":5,"graveyard:corruption":1,"clutter:uncommon_coin_pouch":1,"crystals_overhauled:malachite":16,"simplyswords:iron_longsword":1,"croptopia:tomatillo":1,"minecraft:beef":73,"minecraft:oak_boat":1,"croptopia:pepper_seed":1,"minecraft:player_head":36,"minecraft:poppy":2,"minecraft:light_gray_wool":1,"minecraft:chest":2,"minecraft:raw_iron":30,"minecraft:copper_ingot":124,"regions_unexplored:stripped_pink_bioshroom_stem":1,"crystals_overhauled:saphire":2,"minecraft:carrot":13,"croptopia:strawberry":1,"croptopia:grape":3,"minecraft:tnt":1,"wizards:wand_frost":1,"minecraft:arrow":92,"croptopia:strawberry_seed":1,"cleannarsenal:something_strange":1,"minecraft:totem_of_undying":1,"minecraft:saddle":4,"minecraft:gold_ingot":3,"croptopia:pepper":1,"regions_unexplored:purple_lupine":1,"minecraft:mutton":29,"minecraft:bone_block":1,"minecraft:skeleton_skull":4,"minecraft:white_wool":22,"clutter:hops_seeds":2,"mythicmetals:raw_banglum":8,"minecraft:leather":73,"croptopia:glowing_calamari":1,"minecraft:birch_planks":3,"minecraft:oak_log":14,"minecraft:yellow_bed":10,"minecraft:gunpowder":2,"minecraft:white_banner":2,"cleannarsenal:something_heavy":2,"minecraft:apple":6,"minecraft:stone_bricks":2,"minecraft:iron_ingot":15,"minecraft:stone_pickaxe":2,"minecraft:cobweb":20,"minecraft:stripped_oak_wood":1,"darkblades:dark_dust":28,"minecraft:polished_andesite_slab":1,"minecraft:soul_sand":2,"minecraft:pink_bed":1,"minecraft:pumpkin":5,"magistuarmory:rustedchainmail_chestplate":1,"minecraft:stone_brick_slab":2,"minecraft:spruce_sapling":1,"minecraft:spruce_log":4,"clutter:common_coin_pouch":3,"magistuarmory:rustedchainmail_leggings":1,"minecraft:spider_eye":24,"biomemakeover:cladding_upgrade_smithing_template":1,"travelersbackpack:standard":1,"minecraft:oak_wood":15,"minecraft:firework_rocket":32,"regions_unexplored:fireweed":1,"minecraft:stone_axe":1,"magistuarmory:rustedcrusader_boots":1,"minecraft:redstone_ore":1,"minecraft:gray_wool":3,"minecraft:damaged_anvil":1,"crystals_overhauled:celestite":9,"minecraft:coal":26},"minecraft:custom":{"lootr:looted_stat":42,"minecraft:interact_with_crafting_table":32,"minecraft:leave_game":7,"minecraft:time_since_death":54671,"minecraft:sprint_one_cm":281889,"minecraft:damage_blocked_by_shield":2007,"minecraft:drop":129,"minecraft:talked_to_villager":3,"minecraft:play_time":448766,"minecraft:deaths":68,"minecraft:jump":3344,"minecraft:walk_on_water_one_cm":140619,"minecraft:enchant_item":3,"minecraft:interact_with_furnace":36,"minecraft:interact_with_cartography_table":1,"minecraft:interact_with_loom":1,"minecraft:sleep_in_bed":20,"minecraft:damage_dealt":12884,"minecraft:player_kills":1,"minecraft:crouch_one_cm":8077,"minecraft:interact_with_smoker":2,"minecraft:horse_one_cm":85649,"minecraft:interact_with_smithing_table":5,"minecraft:interact_with_anvil":1,"minecraft:mob_kills":105,"minecraft:damage_dealt_resisted":7205,"minecraft:climb_one_cm":6319,"minecraft:walk_one_cm":882393,"minecraft:damage_dealt_absorbed":4200,"minecraft:sneak_time":5195,"minecraft:walk_under_water_one_cm":48317,"minecraft:boat_one_cm":51044,"minecraft:interact_with_blast_furnace":3,"minecraft:total_world_time":448766,"minecraft:hex":0,"minecraft:time_since_rest":35064,"minecraft:damage_taken":21049,"minecraft:swim_one_cm":41138,"minecraft:fly_one_cm":532230,"minecraft:open_chest":35,"minecraft:threat":47,"minecraft:fall_one_cm":77442},"minecraft:mined":{"minecraft:dark_oak_planks":2,"regions_unexplored:willow_shrub":1,"croptopia:pepper_crop":1,"minecraft:pink_bed":1,"croptopia:grape_crop":3,"minecraft:granite":1,"minecraft:grass_block":22,"minecraft:soul_soil":2,"crystals_overhauled:celestite_ore":9,"regions_unexplored:blue_bioshroom":1,"minecraft:iron_ore":29,"regions_unexplored:purple_lupine":1,"crystals_overhauled:malachite_ore":9,"minecraft:pumpkin":4,"minecraft:iron_bars":1,"minecraft:spruce_slab":1,"minecraft:soul_lantern":1,"minecraft:torch":5,"expores:deepslate_experience_ore":3,"crystals_overhauled:saphire_ore":1,"minecraft:poppy":2,"expores:experience_ore":4,"minecraft:mushroom_stem":13,"minecraft:cobblestone":19,"minecraft:oak_planks":4,"minecraft:damaged_anvil":1,"minecraft:wall_torch":3,"minecraft:amethyst_block":1,"regions_unexplored:hyssop":3,"graveyard:oak_coffin":3,"minecraft:birch_log":11,"mythicmetals:manganese_ore":17,"minecraft:stripped_oak_wood":3,"croptopia:chile_pepper_crop":1,"minecraft:grass":27,"minecraft:oak_log":14,"minecraft:dirt":21,"minecraft:sand":7,"regions_unexplored:clover":3,"darkblades:dark_ore":14,"minecraft:oak_leaves":4,"biomemakeover:medium_illunite_bud":1,"biomemakeover:budding_illunite":2,"biomemakeover:illunite_cluster":3,"mythicmetals:silver_ore":5,"minecraft:polished_andesite_slab":1,"minecraft:spruce_leaves":1,"minecraft:large_fern":1,"mythicmetals:quadrillum_ore":8,"minecraft:furnace":2,"mythicmetals:kyber_ore":1,"minecraft:andesite":15,"croptopia:peach_crop":7,"minecraft:deepslate_iron_ore":2,"regions_unexplored:medium_grass":8,"minecraft:stone":147,"minecraft:smithing_table":2,"mythicmetals:platinum_ore":5,"minecraft:soul_sand":2,"minecraft:stone_brick_slab":2,"crystals_overhauled:heliodor_ore":1,"minecraft:crafting_table":1,"minecraft:oak_wood":16,"minecraft:andesite_slab":2,"minecraft:tall_grass":2,"minecraft:copper_ore":39,"minecraft:deepslate_gold_ore":1,"biomemakeover:mesmerite":11,"croptopia:spinach_crop":1,"minecraft:birch_planks":3,"biomemakeover:illunite_block":11,"minecraft:spruce_log":4,"minecraft:birch_leaves":1,"minecraft:yellow_bed":8,"minecraft:coal_ore":26,"croptopia:radish_crop":2,"minecraft:cobweb":1,"biomemakeover:large_illunite_bud":1,"minecraft:stone_bricks":2,"minecraft:chipped_anvil":1,"mythicmetals:banglum_ore":5,"minecraft:fern":8}},"DataVersion":3465}