{"stats":{"minecraft:crafted":{"minecraft:purple_wool":2,"minecraft:oak_planks":56,"minecraft:furnace":6,"rogues:iron_dagger":1,"minecraft:cooked_mutton":8,"minecraft:glass":12,"travelersbackpack:purple_sleeping_bag":1,"druids:wand_lightning":1,"simplyswords:iron_rapier":1,"minecraft:chest":8,"fpapmod:diamond_halberd":2,"minecraft:cooked_beef":10,"minecraft:red_dye":2,"paladins:holy_wand":2,"minecraft:crafting_table":1,"travelersbackpack:backpack_tank":4,"travelersbackpack:standard":3,"paladins:diamond_holy_wand":1,"minecraft:smithing_table":2,"minecraft:red_wool":4,"minecraft:copper_ingot":9,"minecraft:birch_planks":72,"minecraft:bucket":2,"minecraft:air":0,"travelersbackpack:red_sleeping_bag":1,"basicweapons:iron_dagger":1,"minecraft:purple_dye":3,"minecraft:shield":2,"minecraft:stick":16,"minecraft:iron_pickaxe":2,"minecraft:iron_ingot":21,"minecraft:torch":40,"wizards:wand_fire":1},"minecraft:killed_by":{"minecraft:player":1,"minecraft:piglin_brute":4,"minecraft:creeper":2,"minecraft:spider":6,"minecraft:drowned":1,"minecraft:skeleton":14,"minecraft:zombie":11,"minecraft:vex":4},"minecraft:killed":{"minecraft:spider":4,"minecraft:skeleton":3,"minecraft:horse":11,"clutter:beaver":1,"minecraft:pig":7,"minecraft:creeper":9,"minecraft:sheep":14,"minecraft:pillager":1,"minecraft:zombie":6,"batsgalore:biggest_fan_bat":1,"minecraft:cow":9},"minecraft:dropped":{"minecraft:iron_ingot":24,"minecraft:birch_planks":6,"minecraft:porkchop":5,"minecraft:wheat_seeds":6,"simplyswords:soulrender":1,"mythicmetals:raw_silver":2,"biomemakeover:cooked_glowfish":1,"magistuarmory:rustedcrusader_chestplate":1,"minecraft:cobblestone":18,"witcher_rpg:silver_ingot":6,"minecraft:leather":18,"wizards:wand_frost":1,"regions_unexplored:blue_bioshroom":2,"minecraft:stick":2,"minecraft:flint":1,"magistuarmory:rustedcrusader_boots":1,"croptopia:celery":1,"clutter:hops_seeds":1,"minecraft:gray_wool":1,"minecraft:zombie_head":3,"minecraft:potion":2,"minecraft:pumpkin":1,"minecraft:sand":1,"minecraft:white_banner":1,"minecraft:white_wool":7,"travelersbackpack:red_sleeping_bag":1,"wizards:wand_arcane":1,"minecraft:creeper_head":9,"minecraft:player_head":7,"minecraft:stone_sword":3,"minecraft:raw_copper":9,"croptopia:strawberry":1,"croptopia:blackberry_seed":2,"croptopia:tomatillo":1,"witcher_rpg:steel_ingot":4,"minecraft:soul_lantern":1,"minecraft:light_gray_wool":1,"minecraft:oak_planks":22,"croptopia:strawberry_seed":1,"croptopia:blueberry_seed":2,"fpapmod:diamond_halberd":2,"minecraft:potato":6,"minecraft:skeleton_skull":1,"minecraft:chest":2,"biomemakeover:cladding_upgrade_smithing_template":1,"simplyswords:iron_longsword":1,"croptopia:tomatillo_seed":2,"minecraft:spruce_log":2,"minecraft:iron_bars":1,"minecraft:stone_pickaxe":2,"minecraft:beef":4,"minecraft:firework_rocket":15},"minecraft:used":{"minecraft:stone_sword":134,"minecraft:chest":1,"minecraft:shield":15,"minecraft:torch":38,"minecraft:bow":16,"minecraft:furnace":6,"minecraft:cooked_beef":11,"croptopia:grape":1,"minecraft:water_bucket":7,"simplyswords:iron_rapier":88,"minecraft:stone_pickaxe":91,"minecraft:oak_planks":5,"minecraft:white_wool":3,"minecraft:crafting_table":2,"minecraft:apple":4,"minecraft:bread":9,"minecraft:iron_pickaxe":102,"fpapmod:diamond_halberd":1,"minecraft:stone_axe":27,"travelersbackpack:standard":11,"minecraft:cobblestone":3,"minecraft:cooked_porkchop":4,"minecraft:smithing_table":2,"minecraft:bucket":7,"minecraft:yellow_bed":8,"minecraft:oak_boat":1},"minecraft:broken":{"minecraft:leather_boots":1},"minecraft:picked_up":{"minecraft:charcoal":17,"minecraft:crafting_table":1,"croptopia:tomatillo_seed":2,"minecraft:chicken":4,"minecraft:creeper_head":10,"croptopia:peach":8,"croptopia:grape_seed":6,"minecraft:smithing_table":2,"minecraft:pink_wool":1,"regions_unexplored:blue_bioshroom":2,"mythicmetals:raw_kyber":1,"fpapmod:diamond_halberd":1,"minecraft:string":6,"minecraft:moss_carpet":5,"minecraft:raw_copper":18,"minecraft:zombie_head":7,"graveyard:corruption":1,"crystals_overhauled:malachite":2,"croptopia:tomatillo":1,"simplyswords:iron_longsword":1,"minecraft:beef":14,"minecraft:oak_boat":1,"minecraft:player_head":21,"croptopia:pepper_seed":1,"minecraft:poppy":2,"minecraft:light_gray_wool":1,"minecraft:chest":2,"minecraft:furnace":1,"minecraft:stick":2,"minecraft:raw_iron":19,"minecraft:torch":7,"croptopia:blackberry_seed":2,"travelersbackpack:iron_tier_upgrade":1,"minecraft:porkchop":18,"travelersbackpack:crafting_upgrade":1,"minecraft:carrot":11,"croptopia:strawberry":1,"magistuarmory:rustedcrusader_chestplate":1,"regions_unexplored:daisy":2,"croptopia:grape":3,"wizards:wand_frost":1,"minecraft:stone_sword":3,"minecraft:arrow":36,"minecraft:rotten_flesh":14,"mythicmetals:raw_manganese":12,"croptopia:strawberry_seed":1,"witcher_rpg:silver_ingot":3,"minecraft:saddle":2,"minecraft:gold_ingot":2,"croptopia:pepper":1,"minecraft:mutton":18,"minecraft:snowball":6,"minecraft:iron_bars":2,"minecraft:skeleton_skull":4,"minecraft:white_wool":17,"minecraft:cobblestone":125,"minecraft:birch_log":9,"minecraft:cooked_beef":5,"croptopia:radish":2,"minecraft:andesite":1,"clutter:hops_seeds":1,"minecraft:brown_wool":1,"mythicmetals:raw_banglum":3,"minecraft:leather":37,"minecraft:potato":8,"croptopia:spinach":1,"minecraft:flint":2,"minecraft:oak_log":7,"minecraft:yellow_bed":10,"minecraft:gunpowder":2,"croptopia:celery":1,"croptopia:blueberry_seed":2,"mythicmetals:raw_platinum":6,"minecraft:lapis_lazuli":3,"minecraft:dirt":34,"minecraft:white_banner":1,"biomemakeover:crude_fragment":7,"minecraft:bone":12,"minecraft:stone_bricks":2,"minecraft:bow":3,"minecraft:wheat_seeds":7,"minecraft:iron_ingot":9,"minecraft:stone_pickaxe":2,"witcher_rpg:steel_ingot":2,"darkblades:dark_dust":20,"mythicmetals:raw_silver":3,"minecraft:oak_planks":9,"minecraft:pink_bed":1,"croptopia:chile_pepper_seed":2,"minecraft:cooked_porkchop":4,"minecraft:pumpkin":5,"minecraft:sand":14,"simplyswords:soulrender":1,"magistuarmory:rustedchainmail_leggings":1,"minecraft:spider_eye":24,"croptopia:spinach_seed":2,"biomemakeover:cladding_upgrade_smithing_template":1,"croptopia:chile_pepper":1,"travelersbackpack:standard":1,"minecraft:firework_rocket":29,"regions_unexplored:hyssop":6,"regions_unexplored:willow_shrub":1,"regions_unexplored:fireweed":1,"minecraft:diamond":4,"minecraft:stone_axe":1,"wizards:wand_arcane":1,"minecraft:soul_lantern":1,"magistuarmory:rustedcrusader_boots":1,"croptopia:radish_seed":2,"minecraft:redstone_ore":1,"minecraft:gray_wool":2,"minecraft:coal":19,"crystals_overhauled:celestite":8},"minecraft:custom":{"minecraft:interact_with_smithing_table":4,"lootr:looted_stat":23,"minecraft:mob_kills":66,"minecraft:interact_with_crafting_table":31,"minecraft:damage_dealt_resisted":3098,"minecraft:leave_game":6,"minecraft:time_since_death":1323,"minecraft:climb_one_cm":4146,"minecraft:sprint_one_cm":155006,"minecraft:walk_one_cm":585011,"minecraft:damage_blocked_by_shield":1069,"minecraft:drop":86,"minecraft:damage_dealt_absorbed":2270,"minecraft:talked_to_villager":1,"minecraft:play_time":277922,"minecraft:deaths":47,"minecraft:sneak_time":3253,"minecraft:walk_under_water_one_cm":40515,"minecraft:boat_one_cm":39581,"minecraft:jump":1898,"minecraft:walk_on_water_one_cm":101772,"minecraft:total_world_time":277922,"minecraft:interact_with_furnace":25,"minecraft:interact_with_cartography_table":1,"minecraft:interact_with_loom":1,"minecraft:sleep_in_bed":12,"minecraft:hex":0,"minecraft:time_since_rest":1364,"minecraft:damage_taken":14233,"minecraft:damage_dealt":8590,"minecraft:player_kills":1,"minecraft:swim_one_cm":37721,"minecraft:fly_one_cm":291268,"minecraft:open_chest":13,"minecraft:crouch_one_cm":4165,"minecraft:threat":25,"minecraft:interact_with_smoker":1,"minecraft:fall_one_cm":44448,"minecraft:horse_one_cm":5559},"minecraft:mined":{"minecraft:dark_oak_planks":2,"croptopia:pepper_crop":1,"regions_unexplored:willow_shrub":1,"minecraft:pink_bed":1,"croptopia:grape_crop":3,"mythicmetals:silver_ore":1,"minecraft:grass_block":2,"crystals_overhauled:celestite_ore":8,"regions_unexplored:blue_bioshroom":1,"minecraft:furnace":2,"mythicmetals:kyber_ore":1,"minecraft:iron_ore":20,"crystals_overhauled:malachite_ore":2,"minecraft:andesite":14,"minecraft:pumpkin":4,"croptopia:peach_crop":7,"minecraft:iron_bars":1,"minecraft:stone":60,"minecraft:spruce_slab":1,"minecraft:smithing_table":2,"mythicmetals:platinum_ore":5,"minecraft:soul_lantern":1,"minecraft:crafting_table":1,"minecraft:torch":4,"minecraft:poppy":2,"expores:experience_ore":2,"minecraft:copper_ore":13,"minecraft:tall_grass":1,"minecraft:cobblestone":12,"minecraft:oak_planks":1,"minecraft:wall_torch":3,"croptopia:spinach_crop":1,"regions_unexplored:hyssop":3,"minecraft:birch_log":9,"mythicmetals:manganese_ore":11,"minecraft:birch_leaves":1,"minecraft:yellow_bed":8,"croptopia:chile_pepper_crop":1,"minecraft:grass":15,"minecraft:oak_log":7,"minecraft:coal_ore":19,"minecraft:sand":7,"croptopia:radish_crop":2,"darkblades:dark_ore":10,"minecraft:stone_bricks":2,"mythicmetals:banglum_ore":2,"minecraft:oak_leaves":1,"minecraft:fern":1}},"DataVersion":3465}