{"stats":{"minecraft:crafted":{"minecraft:oak_planks":128,"rogues:iron_dagger":1,"minecraft:cooked_mutton":8,"minecraft:glass":12,"travelersbackpack:purple_sleeping_bag":1,"runes:frost_stone":24,"minecraft:chest":10,"paladins:holy_wand":2,"minecraft:crafting_table":1,"minecraft:spruce_planks":24,"travelersbackpack:standard":3,"paladins:diamond_holy_wand":1,"minecraft:smithing_table":2,"minecraft:red_wool":4,"minecraft:copper_ingot":11,"minecraft:gold_block":1,"minecraft:birch_planks":80,"spellbladenext:arcane_claymore":1,"travelersbackpack:red_sleeping_bag":1,"minecraft:shield":3,"minecraft:purple_dye":3,"minecraft:stick":72,"minecraft:iron_pickaxe":4,"minecraft:iron_ingot":22,"runes:lightning_stone":32,"wizards:wand_fire":1,"minecraft:purple_wool":2,"minecraft:furnace":8,"druids:wand_lightning":1,"simplyswords:iron_rapier":1,"fpapmod:diamond_halberd":2,"minecraft:cooked_beef":10,"minecraft:red_dye":2,"minecraft:amethyst_shard":4,"travelersbackpack:backpack_tank":4,"minecraft:bucket":2,"minecraft:air":0,"basicweapons:iron_dagger":1,"basicweapons:stone_hammer":1,"minecraft:torch":252},"minecraft:used":{"druids:wand_lightning":7,"minecraft:chest":5,"minecraft:shield":36,"minecraft:iron_sword":48,"minecraft:bow":16,"minecraft:furnace":8,"minecraft:cooked_cod":4,"spellbladenext:arcane_claymore":68,"simplyswords:iron_rapier":174,"minecraft:stone_pickaxe":91,"minecraft:oak_planks":55,"travelersbackpack:iron_golem":17,"spellbladenext:arcane_blade":81,"wizards:wand_frost":1,"minecraft:white_wool":3,"minecraft:crossbow":9,"biomemakeover:illunite_block":3,"minecraft:bread":21,"minecraft:smithing_table":2,"minecraft:oak_boat":1,"minecraft:golden_pickaxe":22,"minecraft:stone_sword":134,"minecraft:cooked_salmon":4,"minecraft:torch":134,"minecraft:white_carpet":1,"minecraft:cooked_beef":18,"minecraft:cobbled_deepslate":7,"croptopia:grape":1,"minecraft:cooked_mutton":8,"minecraft:water_bucket":27,"clutter:beer_mug":1,"minecraft:crafting_table":2,"minecraft:apple":4,"minecraft:iron_pickaxe":558,"fpapmod:diamond_halberd":1,"minecraft:stone_axe":67,"minecraft:cobblestone":88,"travelersbackpack:standard":19,"minecraft:cooked_porkchop":4,"minecraft:bucket":28,"minecraft:yellow_bed":8},"minecraft:killed_by":{"minecraft:piglin_brute":4,"minecraft:creeper":3,"minecraft:ravager":7,"minecraft:drowned":3,"graveyard:skeleton_creeper":1,"minecraft:vindicator":8,"minecraft:cave_spider":4,"minecraft:zombie":23,"minecraft:vex":8,"minecraft:player":3,"minecraft:spider":14,"minecraft:skeleton":29,"biomemakeover:adjudicator":2},"minecraft:broken":{"elemental_wizards_rpg:elemental_feet":1,"wizards:wizard_robe_chest":1,"minecraft:shield":1,"magistuarmory:rustedchainmail_chestplate":1,"minecraft:leather_boots":1,"minecraft:iron_pickaxe":1,"simplyswords:iron_rapier":1,"magistuarmory:rustedchainmail_leggings":1},"minecraft:killed":{"minecraft:witch":1,"minecraft:spider":5,"minecraft:skeleton":6,"clutter:beaver":2,"minecraft:pig":9,"minecraft:creeper":10,"minecraft:sheep":20,"minecraft:pillager":2,"minecraft:zombie":12,"batsgalore:biggest_fan_bat":1,"minecraft:cow":35,"biomemakeover:rootling":1,"minecraft:horse":12,"minecraft:drowned":2,"minecraft:bat":1},"minecraft:dropped":{"minecraft:birch_planks":6,"minecraft:porkchop":8,"mythicmetals:raw_silver":2,"mythicmetals:raw_mythril":6,"magistuarmory:rustedcrusader_chestplate":2,"minecraft:crossbow":1,"paladins:paladin_armor_head":1,"minecraft:leather":18,"amethyst_imbuement:steel_leggings":1,"regions_unexplored:blue_bioshroom":2,"biomemakeover:cladded_stone":2,"minecraft:flint":1,"croptopia:celery":1,"minecraft:mutton":2,"biomemakeover:enchanted_totem":1,"minecraft:bone_meal":22,"minecraft:sand":4,"minecraft:iron_pickaxe":1,"minecraft:white_wool":12,"minecraft:polished_andesite_slab":1,"minecraft:andesite_slab":6,"witcher_rpg:steel_ingot":4,"croptopia:tomatillo":1,"minecraft:soul_lantern":1,"soulsweapons:moonstone":1,"minecraft:oak_planks":25,"minecraft:enchanted_golden_apple":3,"croptopia:strawberry_seed":1,"artifacts:chorus_totem":1,"perfectbirbs:shoebill_plushie":1,"croptopia:blueberry_seed":2,"fpapmod:diamond_halberd":2,"crystals_overhauled:heliodor":2,"minecraft:skeleton_skull":2,"regions_unexplored:hanging_prismarite":13,"minecraft:chest":2,"biomemakeover:cladding_upgrade_smithing_template":1,"minecraft:iron_bars":7,"minecraft:beef":17,"graveyard:oak_coffin":5,"minecraft:firework_rocket":15,"minecraft:iron_ingot":24,"minecraft:wheat_seeds":9,"simplyswords:soulrender":1,"minecraft:tnt":1,"biomemakeover:cooked_glowfish":1,"mythicmetals:morkite":88,"clutter:copper_coin":42,"minecraft:cobblestone":18,"minecraft:lead":1,"witcher_rpg:silver_ingot":6,"crystals_overhauled:rhodochrosite":4,"wizards:wand_frost":1,"minecraft:stick":4,"magistuarmory:rustedcrusader_boots":1,"minecraft:cobweb":3,"clutter:hops_seeds":2,"minecraft:gray_wool":2,"minecraft:torch":69,"regions_unexplored:purple_lupine":1,"minecraft:iron_door":1,"minecraft:zombie_head":7,"minecraft:potion":2,"clutter:raw_silver":15,"biomemakeover:rootling_seeds":1,"minecraft:pumpkin":1,"minecraft:white_banner":2,"minecraft:string":5,"travelersbackpack:red_sleeping_bag":1,"minecraft:spruce_sapling":1,"minecraft:stone_brick_slab":2,"wizards:wand_arcane":1,"things:gleaming_powder":1,"minecraft:creeper_head":11,"minecraft:player_head":38,"crystals_overhauled:saphire":5,"minecraft:stone_sword":3,"minecraft:raw_copper":70,"croptopia:strawberry":1,"mythicmetals:raw_orichalcum":2,"croptopia:blackberry_seed":2,"minecraft:raw_iron":33,"minecraft:light_gray_wool":1,"minecraft:iron_boots":1,"regions_unexplored:stripped_pink_bioshroom_stem":1,"minecraft:potato":6,"clutter:wooden_mug":1,"minecraft:diamond_chestplate":1,"rogues:warrior_armor_chest":1,"minecraft:oak_sapling":4,"simplyswords:iron_longsword":1,"minecraft:spider_eye":8,"minecraft:spruce_log":2,"croptopia:tomatillo_seed":2,"minecraft:bow":1,"minecraft:stone_pickaxe":2,"biomemakeover:glowshroom_stew":1},"minecraft:picked_up":{"minecraft:creeper_head":12,"croptopia:grape_seed":6,"croptopia:tomatillo_seed":2,"minecraft:smithing_table":2,"minecraft:diamond_sword":1,"soulsweapons:moonstone":2,"artifacts:chorus_totem":1,"minecraft:enchanted_book":1,"mythicmetals:raw_kyber":1,"imbued_gear:crystalline_arrow":1,"minecraft:amethyst_block":1,"minecraft:string":26,"minecraft:raw_copper":240,"biomemakeover:cladded_chestplate":1,"minecraft:zombie_head":11,"minecraft:cobbled_deepslate":21,"bosses_of_mass_destruction:soul_star":1,"crystals_overhauled:rhodochrosite":4,"minecraft:enchanted_golden_apple":2,"immersive_melodies:triangle":1,"minecraft:furnace":1,"minecraft:stick":4,"biomemakeover:bulbus_root":1,"minecraft:torch":8,"croptopia:blackberry_seed":2,"travelersbackpack:iron_tier_upgrade":1,"minecraft:porkchop":25,"travelersbackpack:crafting_upgrade":1,"mythicmetals:morkite":75,"magistuarmory:rustedcrusader_chestplate":2,"regions_unexplored:daisy":2,"biomemakeover:cladded_stone":2,"minecraft:stone_sword":3,"minecraft:rotten_flesh":23,"mythicmetals:raw_manganese":23,"crystals_overhauled:heliodor":2,"witcher_rpg:silver_ingot":3,"minecraft:iron_bars":8,"minecraft:snowball":11,"minecraft:cobblestone":283,"minecraft:birch_log":11,"travelersbackpack:iron_golem":3,"minecraft:cooked_beef":13,"croptopia:radish":2,"minecraft:iron_door":1,"minecraft:andesite":1,"minecraft:brown_wool":36,"minecraft:potato":10,"clutter:beer_mug":1,"croptopia:spinach":1,"minecraft:flint":2,"croptopia:blueberry_seed":2,"mythicmetals:raw_platinum":6,"croptopia:celery":1,"minecraft:lapis_lazuli":9,"minecraft:dirt":74,"biomemakeover:crude_fragment":9,"biomemakeover:crude_cladding":1,"minecraft:bone":29,"minecraft:chipped_anvil":1,"minecraft:bow":4,"extensivediamonds:red_diamond":5,"minecraft:wheat_seeds":10,"minecraft:raw_gold":11,"biomemakeover:cladded_leggings":1,"biomemakeover:illunite_shard":8,"witcher_rpg:steel_ingot":2,"mythicmetals:raw_silver":8,"minecraft:oak_planks":12,"clutter:rare_coin_pouch":2,"croptopia:chile_pepper_seed":2,"minecraft:cooked_porkchop":5,"biomemakeover:mesmerite":24,"minecraft:sand":23,"simplyswords:soulrender":1,"biomemakeover:rootling_seeds":3,"mythicmetals:raw_quadrillum":10,"biomemakeover:illunite_block":26,"croptopia:spinach_seed":2,"croptopia:chile_pepper":1,"graveyard:oak_coffin":5,"regions_unexplored:hyssop":6,"clutter:copper_coin":42,"minecraft:diamond":6,"minecraft:soul_lantern":1,"regions_unexplored:willow_shrub":1,"wizards:wand_arcane":1,"croptopia:radish_seed":2,"regions_unexplored:clover":4,"minecraft:crossbow":3,"minecraft:bone_meal":22,"soulsweapons:verglas":1,"minecraft:emerald":1,"minecraft:oak_sapling":4,"minecraft:andesite_slab":6,"minecraft:charcoal":17,"minecraft:crafting_table":1,"things:gleaming_powder":1,"minecraft:chicken":4,"croptopia:peach":8,"minecraft:golden_pickaxe":1,"minecraft:pink_wool":1,"regions_unexplored:blue_bioshroom":2,"fpapmod:diamond_halberd":1,"minecraft:moss_carpet":5,"minecraft:white_carpet":1,"clutter:raw_silver":15,"graveyard:corruption":1,"clutter:uncommon_coin_pouch":1,"crystals_overhauled:malachite":16,"simplyswords:iron_longsword":1,"croptopia:tomatillo":1,"minecraft:beef":86,"minecraft:oak_boat":1,"minecraft:player_head":72,"croptopia:pepper_seed":1,"minecraft:poppy":2,"minecraft:light_gray_wool":1,"mythicmetals:raw_mythril":6,"minecraft:chest":2,"mythicmetals:raw_orichalcum":2,"minecraft:raw_iron":73,"minecraft:copper_ingot":124,"regions_unexplored:stripped_pink_bioshroom_stem":1,"artifacts:vampiric_glove":1,"biomemakeover:enchanted_totem":1,"crystals_overhauled:saphire":10,"minecraft:carrot":13,"croptopia:strawberry":1,"croptopia:grape":3,"minecraft:tnt":1,"wizards:wand_frost":1,"minecraft:arrow":92,"croptopia:strawberry_seed":1,"cleannarsenal:something_strange":1,"minecraft:totem_of_undying":3,"minecraft:saddle":4,"minecraft:gold_ingot":4,"croptopia:pepper":1,"regions_unexplored:purple_lupine":1,"minecraft:rail":16,"minecraft:mutton":31,"minecraft:bone_block":1,"minecraft:skeleton_skull":5,"minecraft:white_wool":23,"regions_unexplored:hanging_prismarite":13,"clutter:hops_seeds":2,"mythicmetals:raw_banglum":8,"minecraft:leather":77,"croptopia:glowing_calamari":1,"minecraft:birch_planks":3,"minecraft:oak_log":14,"minecraft:yellow_bed":10,"minecraft:gunpowder":2,"minecraft:white_banner":2,"cleannarsenal:something_heavy":2,"minecraft:red_carpet":23,"minecraft:apple":6,"minecraft:stone_bricks":2,"minecraft:iron_ingot":17,"minecraft:stone_pickaxe":2,"minecraft:cobweb":20,"minecraft:stripped_oak_wood":1,"darkblades:dark_dust":72,"minecraft:polished_andesite_slab":1,"minecraft:soul_sand":2,"minecraft:pink_bed":1,"minecraft:pumpkin":5,"magistuarmory:rustedchainmail_chestplate":1,"minecraft:stone_brick_slab":2,"minecraft:spruce_sapling":1,"minecraft:spruce_log":4,"clutter:common_coin_pouch":3,"magistuarmory:rustedchainmail_leggings":1,"minecraft:spider_eye":32,"biomemakeover:cladding_upgrade_smithing_template":1,"travelersbackpack:standard":1,"minecraft:oak_wood":15,"minecraft:firework_rocket":35,"magistuarmory:rusted_bastardsword":1,"regions_unexplored:fireweed":1,"minecraft:stone_axe":1,"magistuarmory:rustedcrusader_boots":1,"minecraft:redstone_ore":1,"minecraft:gray_wool":3,"minecraft:damaged_anvil":1,"crystals_overhauled:celestite":9,"minecraft:coal":53},"minecraft:custom":{"lootr:looted_stat":78,"minecraft:interact_with_crafting_table":32,"minecraft:leave_game":10,"minecraft:time_since_death":3223,"minecraft:sprint_one_cm":346736,"minecraft:damage_blocked_by_shield":2853,"minecraft:drop":190,"minecraft:talked_to_villager":4,"minecraft:play_time":596800,"minecraft:deaths":113,"minecraft:jump":4232,"minecraft:walk_on_water_one_cm":185625,"minecraft:enchant_item":3,"minecraft:interact_with_furnace":40,"minecraft:interact_with_cartography_table":1,"minecraft:interact_with_loom":1,"minecraft:sleep_in_bed":28,"minecraft:damage_dealt":14796,"minecraft:player_kills":1,"minecraft:crouch_one_cm":12349,"minecraft:interact_with_smoker":3,"minecraft:inspect_dispenser":1,"minecraft:horse_one_cm":85649,"minecraft:interact_with_smithing_table":5,"minecraft:interact_with_anvil":1,"minecraft:mob_kills":119,"minecraft:damage_dealt_resisted":8919,"minecraft:climb_one_cm":8075,"minecraft:walk_one_cm":1341033,"minecraft:damage_dealt_absorbed":5654,"minecraft:sneak_time":7829,"minecraft:walk_under_water_one_cm":64709,"minecraft:boat_one_cm":51044,"minecraft:interact_with_blast_furnace":3,"minecraft:total_world_time":596800,"minecraft:hex":0,"minecraft:time_since_rest":2581,"minecraft:damage_taken":35045,"minecraft:swim_one_cm":43233,"minecraft:fly_one_cm":625785,"minecraft:open_chest":36,"minecraft:threat":75,"minecraft:fall_one_cm":105188},"minecraft:mined":{"minecraft:dark_oak_planks":2,"regions_unexplored:willow_shrub":1,"croptopia:pepper_crop":1,"minecraft:pink_bed":1,"croptopia:grape_crop":3,"mythicmetals:deepslate_morkite_ore":19,"regions_unexplored:hanging_prismarite":8,"minecraft:granite":1,"travelersbackpack:iron_golem":3,"minecraft:grass_block":23,"clutter:deepslate_silver_ore":1,"minecraft:soul_soil":2,"crystals_overhauled:celestite_ore":9,"regions_unexplored:blue_bioshroom":1,"biomemakeover:cladded_stone":2,"minecraft:iron_ore":40,"crystals_overhauled:malachite_ore":9,"regions_unexplored:mossy_stone":1,"regions_unexplored:purple_lupine":1,"minecraft:pumpkin":4,"minecraft:deepslate_lapis_ore":2,"minecraft:iron_bars":3,"minecraft:spruce_slab":1,"minecraft:soul_lantern":1,"minecraft:torch":5,"expores:deepslate_experience_ore":5,"crystals_overhauled:saphire_ore":4,"minecraft:poppy":2,"expores:experience_ore":6,"minecraft:mushroom_stem":13,"minecraft:cobblestone":24,"minecraft:oak_planks":4,"minecraft:damaged_anvil":1,"minecraft:iron_door":1,"minecraft:wall_torch":3,"minecraft:amethyst_block":1,"minecraft:deepslate_copper_ore":5,"regions_unexplored:hyssop":3,"graveyard:oak_coffin":3,"minecraft:birch_log":11,"mythicmetals:manganese_ore":17,"minecraft:stripped_oak_wood":3,"croptopia:chile_pepper_crop":1,"minecraft:grass":27,"minecraft:oak_log":14,"minecraft:sand":7,"minecraft:dirt":21,"regions_unexplored:clover":3,"darkblades:dark_ore":24,"minecraft:deepslate":18,"minecraft:oak_leaves":4,"biomemakeover:medium_illunite_bud":1,"biomemakeover:budding_illunite":2,"biomemakeover:illunite_cluster":3,"minecraft:tuff":1,"minecraft:glow_lichen":1,"mythicmetals:silver_ore":5,"minecraft:polished_andesite_slab":1,"minecraft:spruce_leaves":1,"minecraft:large_fern":1,"mythicmetals:quadrillum_ore":8,"minecraft:furnace":2,"mythicmetals:kyber_ore":1,"minecraft:andesite":15,"croptopia:peach_crop":7,"soulsweapons:moonstone_ore_deepslate":2,"minecraft:deepslate_iron_ore":33,"minecraft:rail":17,"regions_unexplored:medium_grass":8,"minecraft:stone":213,"minecraft:smithing_table":2,"mythicmetals:platinum_ore":5,"minecraft:soul_sand":2,"minecraft:stone_brick_slab":2,"crystals_overhauled:heliodor_ore":1,"minecraft:crafting_table":1,"crystals_overhauled:rhodochrosite_ore":1,"minecraft:oak_wood":16,"minecraft:andesite_slab":2,"minecraft:copper_ore":59,"minecraft:tall_grass":2,"minecraft:deepslate_gold_ore":13,"biomemakeover:mesmerite":11,"croptopia:spinach_crop":1,"minecraft:birch_planks":3,"biomemakeover:illunite_block":11,"biomemakeover:polished_mesmerite":1,"minecraft:white_carpet":1,"minecraft:spruce_log":4,"minecraft:birch_leaves":1,"minecraft:yellow_bed":8,"minecraft:coal_ore":28,"croptopia:radish_crop":2,"biomemakeover:large_illunite_bud":1,"minecraft:cobweb":5,"minecraft:stone_bricks":2,"minecraft:chipped_anvil":1,"mythicmetals:banglum_ore":5,"minecraft:fern":8}},"DataVersion":3465}