{"stats":{"minecraft:crafted":{"minecraft:purple_wool":2,"minecraft:oak_planks":56,"minecraft:furnace":4,"rogues:iron_dagger":1,"minecraft:glass":12,"travelersbackpack:purple_sleeping_bag":1,"simplyswords:iron_rapier":1,"minecraft:chest":2,"minecraft:cooked_beef":10,"travelersbackpack:backpack_tank":4,"travelersbackpack:standard":1,"minecraft:bucket":2,"minecraft:air":0,"basicweapons:iron_dagger":1,"minecraft:purple_dye":3,"minecraft:shield":2,"minecraft:stick":8,"minecraft:iron_ingot":7,"minecraft:torch":40},"minecraft:killed_by":{"minecraft:creeper":2,"minecraft:spider":6,"minecraft:drowned":1,"minecraft:skeleton":10,"minecraft:zombie":6,"minecraft:vex":4},"minecraft:killed":{"minecraft:spider":4,"minecraft:skeleton":2,"minecraft:pig":5,"minecraft:creeper":3,"minecraft:sheep":13,"minecraft:zombie":5,"batsgalore:biggest_fan_bat":1,"minecraft:cow":4},"minecraft:dropped":{"simplyswords:soulrender":1,"magistuarmory:rustedcrusader_chestplate":1,"witcher_rpg:silver_ingot":6,"wizards:wand_frost":1,"magistuarmory:rustedcrusader_boots":1,"minecraft:gray_wool":1,"minecraft:potion":2,"minecraft:pumpkin":1,"minecraft:white_wool":3,"wizards:wand_arcane":1,"minecraft:player_head":2,"minecraft:stone_sword":3,"witcher_rpg:steel_ingot":4,"minecraft:soul_lantern":1,"minecraft:light_gray_wool":1,"biomemakeover:cladding_upgrade_smithing_template":1,"minecraft:iron_bars":1},"minecraft:used":{"minecraft:stone_sword":134,"minecraft:shield":6,"minecraft:torch":19,"minecraft:bow":11,"minecraft:furnace":4,"minecraft:cooked_beef":7,"croptopia:grape":1,"minecraft:water_bucket":1,"simplyswords:iron_rapier":20,"minecraft:stone_pickaxe":85,"minecraft:oak_planks":5,"minecraft:crafting_table":1,"minecraft:apple":4,"minecraft:bread":7,"minecraft:stone_axe":16,"minecraft:cobblestone":3,"travelersbackpack:standard":3,"minecraft:cooked_porkchop":4,"minecraft:bucket":1,"minecraft:yellow_bed":3,"minecraft:oak_boat":1},"minecraft:broken":{"minecraft:leather_boots":1},"minecraft:picked_up":{"minecraft:charcoal":17,"minecraft:crafting_table":1,"minecraft:creeper_head":1,"croptopia:peach":8,"croptopia:grape_seed":6,"minecraft:pink_wool":1,"regions_unexplored:blue_bioshroom":1,"minecraft:string":6,"minecraft:moss_carpet":5,"minecraft:zombie_head":5,"minecraft:beef":12,"minecraft:oak_boat":1,"croptopia:pepper_seed":1,"minecraft:player_head":15,"minecraft:light_gray_wool":1,"minecraft:furnace":1,"minecraft:stick":2,"minecraft:raw_iron":7,"minecraft:torch":7,"minecraft:porkchop":18,"minecraft:carrot":8,"magistuarmory:rustedcrusader_chestplate":1,"regions_unexplored:daisy":2,"croptopia:grape":3,"wizards:wand_frost":1,"minecraft:arrow":16,"minecraft:stone_sword":3,"minecraft:rotten_flesh":11,"mythicmetals:raw_manganese":12,"croptopia:pepper":1,"minecraft:gold_ingot":2,"minecraft:saddle":2,"witcher_rpg:silver_ingot":3,"minecraft:mutton":18,"minecraft:iron_bars":2,"minecraft:skeleton_skull":3,"minecraft:white_wool":11,"minecraft:cobblestone":77,"croptopia:radish":2,"minecraft:cooked_beef":4,"minecraft:andesite":1,"minecraft:brown_wool":1,"minecraft:leather":4,"minecraft:potato":8,"croptopia:spinach":1,"minecraft:oak_log":7,"minecraft:yellow_bed":5,"minecraft:lapis_lazuli":3,"minecraft:dirt":34,"minecraft:white_banner":1,"biomemakeover:crude_fragment":3,"minecraft:bone":6,"minecraft:stone_bricks":2,"minecraft:bow":2,"minecraft:wheat_seeds":1,"minecraft:stone_pickaxe":1,"minecraft:iron_ingot":4,"witcher_rpg:steel_ingot":2,"minecraft:oak_planks":9,"minecraft:pink_bed":1,"croptopia:chile_pepper_seed":2,"minecraft:cooked_porkchop":4,"minecraft:pumpkin":5,"simplyswords:soulrender":1,"minecraft:sand":13,"croptopia:spinach_seed":2,"minecraft:spider_eye":24,"biomemakeover:cladding_upgrade_smithing_template":1,"croptopia:chile_pepper":1,"minecraft:firework_rocket":7,"regions_unexplored:hyssop":6,"minecraft:stone_axe":1,"regions_unexplored:fireweed":1,"minecraft:diamond":2,"regions_unexplored:willow_shrub":1,"wizards:wand_arcane":1,"minecraft:soul_lantern":1,"croptopia:radish_seed":2,"magistuarmory:rustedcrusader_boots":1,"minecraft:redstone_ore":1,"minecraft:gray_wool":2,"minecraft:coal":17},"minecraft:custom":{"lootr:looted_stat":14,"minecraft:mob_kills":37,"minecraft:interact_with_crafting_table":14,"minecraft:damage_dealt_resisted":2184,"minecraft:leave_game":4,"minecraft:time_since_death":2544,"minecraft:climb_one_cm":993,"minecraft:sprint_one_cm":86441,"minecraft:walk_one_cm":364900,"minecraft:damage_blocked_by_shield":375,"minecraft:drop":23,"minecraft:damage_dealt_absorbed":2015,"minecraft:talked_to_villager":1,"minecraft:play_time":157911,"minecraft:deaths":29,"minecraft:sneak_time":1995,"minecraft:walk_under_water_one_cm":30275,"minecraft:boat_one_cm":39581,"minecraft:jump":1003,"minecraft:walk_on_water_one_cm":72098,"minecraft:total_world_time":157911,"minecraft:interact_with_furnace":10,"minecraft:interact_with_cartography_table":1,"minecraft:interact_with_loom":1,"minecraft:sleep_in_bed":5,"minecraft:hex":0,"minecraft:time_since_rest":2680,"minecraft:damage_taken":9616,"minecraft:damage_dealt":4282,"minecraft:swim_one_cm":20159,"minecraft:fly_one_cm":163526,"minecraft:crouch_one_cm":2421,"minecraft:threat":7,"minecraft:interact_with_smoker":1,"minecraft:fall_one_cm":18398,"minecraft:horse_one_cm":5559},"minecraft:mined":{"minecraft:dark_oak_planks":2,"regions_unexplored:willow_shrub":1,"croptopia:pepper_crop":1,"minecraft:pink_bed":1,"croptopia:grape_crop":3,"minecraft:grass_block":2,"regions_unexplored:blue_bioshroom":1,"minecraft:furnace":2,"minecraft:iron_ore":7,"minecraft:pumpkin":4,"croptopia:peach_crop":7,"minecraft:iron_bars":1,"minecraft:stone":29,"minecraft:soul_lantern":1,"minecraft:crafting_table":1,"minecraft:torch":4,"minecraft:tall_grass":1,"minecraft:cobblestone":12,"minecraft:oak_planks":1,"minecraft:wall_torch":3,"croptopia:spinach_crop":1,"regions_unexplored:hyssop":3,"mythicmetals:manganese_ore":8,"minecraft:yellow_bed":3,"croptopia:chile_pepper_crop":1,"minecraft:grass":10,"minecraft:coal_ore":17,"minecraft:oak_log":7,"croptopia:radish_crop":2,"minecraft:sand":7,"minecraft:stone_bricks":2,"minecraft:oak_leaves":1}},"DataVersion":3465}