{"stats":{"minecraft:crafted":{"minecraft:furnace":2,"minecraft:air":0,"minecraft:glass":12},"minecraft:killed_by":{"minecraft:creeper":1,"minecraft:spider":4,"minecraft:zombie":3,"minecraft:drowned":1},"minecraft:dropped":{"minecraft:light_gray_wool":1,"wizards:wand_frost":1,"minecraft:gray_wool":1,"minecraft:white_wool":1,"wizards:wand_arcane":1},"minecraft:killed":{"minecraft:pig":4,"minecraft:spider":3,"minecraft:creeper":2,"minecraft:sheep":1,"minecraft:zombie":1,"batsgalore:biggest_fan_bat":1,"minecraft:cow":3},"minecraft:used":{"croptopia:grape":1,"minecraft:stone_sword":73,"minecraft:stone_pickaxe":32,"minecraft:torch":1,"minecraft:bread":7,"minecraft:stone_axe":5,"minecraft:cobblestone":3,"minecraft:furnace":1,"minecraft:cooked_porkchop":3,"minecraft:oak_boat":1,"minecraft:cooked_beef":2},"minecraft:broken":{"minecraft:leather_boots":1},"minecraft:picked_up":{"minecraft:charcoal":17,"minecraft:cooked_beef":4,"croptopia:radish":2,"minecraft:creeper_head":1,"croptopia:grape_seed":6,"minecraft:pink_wool":1,"minecraft:potato":1,"croptopia:spinach":1,"minecraft:yellow_bed":1,"minecraft:lapis_lazuli":1,"minecraft:string":3,"minecraft:dirt":1,"minecraft:zombie_head":2,"minecraft:stone_pickaxe":1,"minecraft:iron_ingot":1,"minecraft:beef":10,"minecraft:oak_boat":1,"minecraft:player_head":3,"minecraft:light_gray_wool":1,"minecraft:cooked_porkchop":4,"minecraft:pumpkin":4,"minecraft:porkchop":13,"minecraft:sand":12,"minecraft:spider_eye":8,"croptopia:spinach_seed":2,"croptopia:grape":3,"wizards:wand_frost":1,"minecraft:firework_rocket":7,"minecraft:stone_sword":1,"minecraft:rotten_flesh":7,"minecraft:stone_axe":1,"minecraft:diamond":1,"regions_unexplored:willow_shrub":1,"wizards:wand_arcane":1,"croptopia:radish_seed":2,"minecraft:redstone_ore":1,"minecraft:gray_wool":1,"minecraft:saddle":1,"minecraft:gold_ingot":1,"minecraft:white_wool":1,"minecraft:cobblestone":61},"minecraft:custom":{"minecraft:interact_with_furnace":2,"minecraft:mob_kills":15,"minecraft:interact_with_crafting_table":2,"minecraft:damage_dealt_resisted":1023,"minecraft:leave_game":3,"minecraft:time_since_death":8849,"minecraft:hex":0,"minecraft:time_since_rest":8880,"minecraft:sprint_one_cm":34785,"minecraft:damage_taken":3449,"minecraft:walk_one_cm":135530,"minecraft:drop":5,"minecraft:damage_dealt":1842,"minecraft:damage_dealt_absorbed":1027,"minecraft:swim_one_cm":8815,"minecraft:fly_one_cm":77817,"minecraft:crouch_one_cm":502,"minecraft:play_time":68395,"minecraft:deaths":9,"minecraft:sneak_time":449,"minecraft:walk_under_water_one_cm":11955,"minecraft:boat_one_cm":39581,"minecraft:jump":455,"minecraft:threat":7,"minecraft:walk_on_water_one_cm":38298,"minecraft:total_world_time":68395,"minecraft:fall_one_cm":7775},"minecraft:mined":{"regions_unexplored:willow_shrub":1,"croptopia:grape_crop":3,"minecraft:tall_grass":1,"minecraft:cobblestone":12,"croptopia:spinach_crop":1,"minecraft:pumpkin":4,"minecraft:grass":8,"croptopia:radish_crop":2,"minecraft:sand":7,"minecraft:stone":19}},"DataVersion":3465}