{"stats":{"minecraft:killed_by":{"minecraft:drowned":1,"minecraft:spider":1,"minecraft:zombie":1},"minecraft:dropped":{"wizards:wand_frost":1,"wizards:wand_arcane":1},"minecraft:killed":{"minecraft:pig":4,"minecraft:zombie":1,"minecraft:spider":1,"batsgalore:biggest_fan_bat":1,"minecraft:creeper":2,"minecraft:cow":2},"minecraft:used":{"croptopia:grape":1,"minecraft:stone_sword":49,"minecraft:bread":7,"minecraft:stone_pickaxe":32,"minecraft:stone_axe":5,"minecraft:torch":1,"minecraft:cobblestone":3,"minecraft:oak_boat":1,"minecraft:cooked_beef":1},"minecraft:picked_up":{"minecraft:charcoal":17,"croptopia:radish":2,"minecraft:cooked_beef":2,"minecraft:cooked_porkchop":3,"minecraft:creeper_head":1,"croptopia:grape_seed":6,"minecraft:pumpkin":4,"croptopia:spinach":1,"minecraft:pink_wool":1,"minecraft:potato":1,"minecraft:porkchop":13,"minecraft:sand":5,"minecraft:lapis_lazuli":1,"croptopia:spinach_seed":2,"croptopia:grape":3,"wizards:wand_frost":1,"minecraft:firework_rocket":7,"minecraft:stone_sword":1,"minecraft:zombie_head":2,"regions_unexplored:willow_shrub":1,"minecraft:rotten_flesh":7,"minecraft:diamond":1,"minecraft:stone_axe":1,"wizards:wand_arcane":1,"minecraft:saddle":1,"croptopia:radish_seed":2,"minecraft:beef":7,"minecraft:iron_ingot":1,"minecraft:stone_pickaxe":1,"minecraft:oak_boat":1,"minecraft:player_head":1,"minecraft:cobblestone":61},"minecraft:custom":{"minecraft:time_since_rest":15760,"minecraft:sprint_one_cm":27855,"minecraft:damage_taken":1229,"minecraft:walk_one_cm":107686,"minecraft:mob_kills":11,"minecraft:drop":2,"minecraft:damage_dealt":1279,"minecraft:damage_dealt_absorbed":667,"minecraft:swim_one_cm":7267,"minecraft:fly_one_cm":62972,"minecraft:crouch_one_cm":498,"minecraft:play_time":50771,"minecraft:deaths":3,"minecraft:sneak_time":91,"minecraft:walk_under_water_one_cm":6546,"minecraft:boat_one_cm":39581,"minecraft:jump":363,"minecraft:damage_dealt_resisted":763,"minecraft:leave_game":2,"minecraft:walk_on_water_one_cm":29341,"minecraft:time_since_death":15672,"minecraft:threat":7,"minecraft:total_world_time":50771,"minecraft:hex":0,"minecraft:fall_one_cm":5418},"minecraft:mined":{"croptopia:spinach_crop":1,"regions_unexplored:willow_shrub":1,"croptopia:grape_crop":3,"minecraft:pumpkin":4,"croptopia:radish_crop":2,"minecraft:tall_grass":1,"minecraft:cobblestone":12,"minecraft:stone":19}},"DataVersion":3465}