{"stats":{"minecraft:crafted":{"minecraft:oak_planks":128,"rogues:iron_dagger":1,"minecraft:cooked_mutton":8,"minecraft:glass":12,"travelersbackpack:purple_sleeping_bag":1,"runes:frost_stone":24,"minecraft:chest":10,"paladins:holy_wand":2,"minecraft:crafting_table":1,"travelersbackpack:standard":3,"paladins:diamond_holy_wand":1,"minecraft:smithing_table":2,"minecraft:red_wool":4,"minecraft:copper_ingot":11,"minecraft:birch_planks":72,"travelersbackpack:red_sleeping_bag":1,"minecraft:shield":2,"minecraft:purple_dye":3,"minecraft:stick":16,"minecraft:iron_ingot":21,"minecraft:iron_pickaxe":2,"runes:lightning_stone":32,"wizards:wand_fire":1,"minecraft:purple_wool":2,"minecraft:furnace":8,"druids:wand_lightning":1,"simplyswords:iron_rapier":1,"fpapmod:diamond_halberd":2,"minecraft:cooked_beef":10,"minecraft:red_dye":2,"travelersbackpack:backpack_tank":4,"minecraft:bucket":2,"minecraft:air":0,"basicweapons:iron_dagger":1,"minecraft:torch":40},"minecraft:killed_by":{"minecraft:piglin_brute":4,"minecraft:creeper":2,"minecraft:drowned":1,"minecraft:zombie":14,"minecraft:vex":4,"minecraft:player":1,"minecraft:spider":6,"minecraft:skeleton":15},"minecraft:killed":{"minecraft:spider":4,"minecraft:skeleton":3,"clutter:beaver":1,"minecraft:pig":7,"minecraft:creeper":10,"minecraft:sheep":16,"minecraft:pillager":1,"minecraft:zombie":9,"batsgalore:biggest_fan_bat":1,"minecraft:cow":9,"minecraft:horse":11},"minecraft:dropped":{"minecraft:porkchop":5,"minecraft:birch_planks":6,"mythicmetals:raw_silver":2,"magistuarmory:rustedcrusader_chestplate":1,"minecraft:leather":18,"regions_unexplored:blue_bioshroom":2,"minecraft:flint":1,"croptopia:celery":1,"minecraft:bone_meal":22,"minecraft:sand":3,"minecraft:white_wool":9,"minecraft:polished_andesite_slab":1,"minecraft:andesite_slab":6,"witcher_rpg:steel_ingot":4,"minecraft:soul_lantern":1,"croptopia:tomatillo":1,"minecraft:oak_planks":25,"croptopia:strawberry_seed":1,"perfectbirbs:shoebill_plushie":1,"croptopia:blueberry_seed":2,"fpapmod:diamond_halberd":2,"minecraft:skeleton_skull":1,"minecraft:chest":2,"biomemakeover:cladding_upgrade_smithing_template":1,"minecraft:iron_bars":1,"minecraft:beef":4,"graveyard:oak_coffin":5,"minecraft:firework_rocket":15,"minecraft:iron_ingot":24,"minecraft:wheat_seeds":6,"simplyswords:soulrender":1,"minecraft:tnt":1,"biomemakeover:cooked_glowfish":1,"clutter:copper_coin":28,"minecraft:cobblestone":18,"witcher_rpg:silver_ingot":6,"wizards:wand_frost":1,"minecraft:stick":2,"magistuarmory:rustedcrusader_boots":1,"clutter:hops_seeds":1,"minecraft:gray_wool":1,"minecraft:torch":2,"regions_unexplored:purple_lupine":1,"minecraft:zombie_head":4,"minecraft:potion":2,"minecraft:pumpkin":1,"minecraft:white_banner":1,"travelersbackpack:red_sleeping_bag":1,"minecraft:stone_brick_slab":2,"wizards:wand_arcane":1,"minecraft:creeper_head":11,"minecraft:player_head":9,"minecraft:stone_sword":3,"minecraft:raw_copper":9,"croptopia:strawberry":1,"croptopia:blackberry_seed":2,"minecraft:light_gray_wool":1,"minecraft:iron_boots":1,"minecraft:potato":6,"simplyswords:iron_longsword":1,"minecraft:spruce_log":2,"croptopia:tomatillo_seed":2,"minecraft:stone_pickaxe":2,"biomemakeover:glowshroom_stew":1},"minecraft:used":{"minecraft:chest":5,"minecraft:shield":15,"minecraft:bow":16,"minecraft:furnace":8,"simplyswords:iron_rapier":174,"minecraft:stone_pickaxe":91,"minecraft:oak_planks":54,"spellbladenext:arcane_blade":19,"minecraft:white_wool":3,"minecraft:bread":9,"minecraft:smithing_table":2,"minecraft:oak_boat":1,"minecraft:golden_pickaxe":1,"minecraft:stone_sword":134,"minecraft:torch":47,"minecraft:cooked_beef":11,"croptopia:grape":1,"minecraft:cooked_mutton":2,"minecraft:water_bucket":11,"minecraft:crafting_table":2,"minecraft:apple":4,"minecraft:iron_pickaxe":229,"fpapmod:diamond_halberd":1,"minecraft:stone_axe":49,"minecraft:cobblestone":3,"travelersbackpack:standard":13,"minecraft:cooked_porkchop":4,"minecraft:bucket":12,"minecraft:yellow_bed":8},"minecraft:broken":{"minecraft:leather_boots":1,"simplyswords:iron_rapier":1,"magistuarmory:rustedchainmail_leggings":1},"minecraft:picked_up":{"minecraft:creeper_head":12,"croptopia:grape_seed":6,"croptopia:tomatillo_seed":2,"minecraft:smithing_table":2,"minecraft:diamond_sword":1,"mythicmetals:raw_kyber":1,"imbued_gear:crystalline_arrow":1,"minecraft:string":6,"minecraft:raw_copper":80,"minecraft:zombie_head":8,"immersive_melodies:triangle":1,"minecraft:furnace":1,"minecraft:stick":2,"minecraft:torch":8,"croptopia:blackberry_seed":2,"travelersbackpack:iron_tier_upgrade":1,"minecraft:porkchop":18,"travelersbackpack:crafting_upgrade":1,"magistuarmory:rustedcrusader_chestplate":2,"regions_unexplored:daisy":2,"minecraft:stone_sword":3,"minecraft:rotten_flesh":14,"mythicmetals:raw_manganese":23,"witcher_rpg:silver_ingot":3,"minecraft:iron_bars":2,"minecraft:snowball":6,"minecraft:cobblestone":169,"minecraft:birch_log":9,"croptopia:radish":2,"minecraft:cooked_beef":5,"minecraft:andesite":1,"minecraft:brown_wool":36,"minecraft:potato":8,"croptopia:spinach":1,"minecraft:flint":2,"mythicmetals:raw_platinum":6,"croptopia:blueberry_seed":2,"croptopia:celery":1,"minecraft:lapis_lazuli":3,"minecraft:dirt":34,"biomemakeover:crude_fragment":7,"minecraft:bone":26,"minecraft:chipped_anvil":1,"minecraft:bow":3,"minecraft:wheat_seeds":8,"witcher_rpg:steel_ingot":2,"mythicmetals:raw_silver":8,"minecraft:oak_planks":9,"clutter:rare_coin_pouch":2,"croptopia:chile_pepper_seed":2,"minecraft:cooked_porkchop":4,"minecraft:sand":16,"simplyswords:soulrender":1,"mythicmetals:raw_quadrillum":10,"croptopia:spinach_seed":2,"croptopia:chile_pepper":1,"graveyard:oak_coffin":5,"regions_unexplored:hyssop":6,"clutter:copper_coin":28,"minecraft:diamond":5,"regions_unexplored:willow_shrub":1,"wizards:wand_arcane":1,"minecraft:soul_lantern":1,"croptopia:radish_seed":2,"regions_unexplored:clover":4,"minecraft:crossbow":1,"minecraft:bone_meal":22,"soulsweapons:verglas":1,"minecraft:andesite_slab":6,"minecraft:charcoal":17,"minecraft:crafting_table":1,"minecraft:chicken":4,"croptopia:peach":8,"minecraft:golden_pickaxe":1,"minecraft:pink_wool":1,"regions_unexplored:blue_bioshroom":2,"fpapmod:diamond_halberd":1,"minecraft:moss_carpet":5,"graveyard:corruption":1,"clutter:uncommon_coin_pouch":1,"crystals_overhauled:malachite":16,"simplyswords:iron_longsword":1,"croptopia:tomatillo":1,"minecraft:beef":14,"minecraft:oak_boat":1,"croptopia:pepper_seed":1,"minecraft:player_head":25,"minecraft:poppy":2,"minecraft:light_gray_wool":1,"minecraft:chest":2,"minecraft:raw_iron":30,"minecraft:copper_ingot":124,"crystals_overhauled:saphire":2,"minecraft:carrot":11,"croptopia:strawberry":1,"croptopia:grape":3,"minecraft:tnt":1,"wizards:wand_frost":1,"minecraft:arrow":42,"croptopia:strawberry_seed":1,"minecraft:gold_ingot":2,"minecraft:saddle":2,"croptopia:pepper":1,"regions_unexplored:purple_lupine":1,"minecraft:mutton":21,"minecraft:white_wool":19,"minecraft:skeleton_skull":4,"minecraft:bone_block":1,"clutter:hops_seeds":1,"minecraft:leather":40,"mythicmetals:raw_banglum":4,"croptopia:glowing_calamari":1,"minecraft:oak_log":12,"minecraft:yellow_bed":10,"minecraft:gunpowder":2,"minecraft:white_banner":1,"minecraft:stone_bricks":2,"minecraft:iron_ingot":11,"minecraft:stone_pickaxe":2,"minecraft:cobweb":20,"darkblades:dark_dust":28,"minecraft:polished_andesite_slab":1,"minecraft:soul_sand":2,"minecraft:pink_bed":1,"minecraft:pumpkin":5,"minecraft:stone_brick_slab":2,"clutter:common_coin_pouch":3,"magistuarmory:rustedchainmail_leggings":1,"minecraft:spider_eye":24,"biomemakeover:cladding_upgrade_smithing_template":1,"travelersbackpack:standard":1,"minecraft:oak_wood":15,"minecraft:firework_rocket":32,"regions_unexplored:fireweed":1,"minecraft:stone_axe":1,"magistuarmory:rustedcrusader_boots":1,"minecraft:redstone_ore":1,"minecraft:gray_wool":2,"minecraft:damaged_anvil":1,"crystals_overhauled:celestite":9,"minecraft:coal":19},"minecraft:custom":{"lootr:looted_stat":25,"minecraft:interact_with_crafting_table":31,"minecraft:leave_game":6,"minecraft:time_since_death":14860,"minecraft:sprint_one_cm":172624,"minecraft:damage_blocked_by_shield":1069,"minecraft:drop":113,"minecraft:talked_to_villager":1,"minecraft:play_time":337922,"minecraft:deaths":51,"minecraft:jump":2268,"minecraft:walk_on_water_one_cm":125754,"minecraft:interact_with_furnace":30,"minecraft:interact_with_cartography_table":1,"minecraft:interact_with_loom":1,"minecraft:sleep_in_bed":14,"minecraft:damage_dealt":9416,"minecraft:player_kills":1,"minecraft:crouch_one_cm":7132,"minecraft:interact_with_smoker":1,"minecraft:horse_one_cm":5559,"minecraft:interact_with_smithing_table":4,"minecraft:mob_kills":72,"minecraft:interact_with_anvil":1,"minecraft:damage_dealt_resisted":6095,"minecraft:climb_one_cm":4287,"minecraft:walk_one_cm":666257,"minecraft:damage_dealt_absorbed":3678,"minecraft:sneak_time":4756,"minecraft:walk_under_water_one_cm":42679,"minecraft:boat_one_cm":51044,"minecraft:total_world_time":337922,"minecraft:hex":0,"minecraft:time_since_rest":2641,"minecraft:damage_taken":15377,"minecraft:swim_one_cm":37721,"minecraft:fly_one_cm":332626,"minecraft:open_chest":24,"minecraft:threat":36,"minecraft:fall_one_cm":52774},"minecraft:mined":{"minecraft:dark_oak_planks":2,"regions_unexplored:willow_shrub":1,"croptopia:pepper_crop":1,"minecraft:pink_bed":1,"croptopia:grape_crop":3,"minecraft:granite":1,"minecraft:grass_block":2,"minecraft:soul_soil":2,"crystals_overhauled:celestite_ore":9,"regions_unexplored:blue_bioshroom":1,"minecraft:iron_ore":29,"crystals_overhauled:malachite_ore":9,"regions_unexplored:purple_lupine":1,"minecraft:pumpkin":4,"minecraft:iron_bars":1,"minecraft:spruce_slab":1,"minecraft:soul_lantern":1,"minecraft:torch":5,"expores:deepslate_experience_ore":3,"crystals_overhauled:saphire_ore":1,"minecraft:poppy":2,"expores:experience_ore":2,"minecraft:mushroom_stem":13,"minecraft:cobblestone":12,"minecraft:oak_planks":1,"minecraft:damaged_anvil":1,"minecraft:wall_torch":3,"regions_unexplored:hyssop":3,"graveyard:oak_coffin":3,"minecraft:birch_log":9,"mythicmetals:manganese_ore":17,"croptopia:chile_pepper_crop":1,"minecraft:grass":21,"minecraft:oak_log":12,"minecraft:sand":7,"regions_unexplored:clover":3,"darkblades:dark_ore":14,"minecraft:oak_leaves":3,"mythicmetals:silver_ore":5,"minecraft:polished_andesite_slab":1,"minecraft:large_fern":1,"mythicmetals:quadrillum_ore":8,"minecraft:furnace":2,"mythicmetals:kyber_ore":1,"minecraft:andesite":15,"croptopia:peach_crop":7,"minecraft:deepslate_iron_ore":2,"regions_unexplored:medium_grass":1,"minecraft:stone":106,"minecraft:smithing_table":2,"mythicmetals:platinum_ore":5,"minecraft:soul_sand":2,"minecraft:stone_brick_slab":2,"minecraft:crafting_table":1,"minecraft:oak_wood":16,"minecraft:andesite_slab":2,"minecraft:tall_grass":1,"minecraft:copper_ore":34,"minecraft:deepslate_gold_ore":1,"croptopia:spinach_crop":1,"minecraft:birch_leaves":1,"minecraft:yellow_bed":8,"minecraft:coal_ore":19,"croptopia:radish_crop":2,"minecraft:cobweb":1,"minecraft:stone_bricks":2,"mythicmetals:banglum_ore":3,"minecraft:chipped_anvil":1,"minecraft:fern":2}},"DataVersion":3465}