{"stats":{"minecraft:killed":{"minecraft:creeper":1},"minecraft:dropped":{"wizards:wand_frost":1,"wizards:wand_arcane":1},"minecraft:used":{"minecraft:cobblestone":1,"minecraft:bread":3,"minecraft:stone_pickaxe":22},"minecraft:picked_up":{"minecraft:charcoal":17,"minecraft:firework_rocket":3,"wizards:wand_frost":1,"minecraft:stone_sword":1,"minecraft:zombie_head":1,"minecraft:rotten_flesh":4,"minecraft:diamond":1,"minecraft:stone_axe":1,"wizards:wand_arcane":1,"minecraft:stone_pickaxe":1,"minecraft:sand":2,"minecraft:oak_boat":1,"minecraft:lapis_lazuli":1,"minecraft:cobblestone":51},"minecraft:custom":{"minecraft:time_since_rest":20266,"minecraft:play_time":20266,"minecraft:sprint_one_cm":8180,"minecraft:damage_taken":167,"minecraft:walk_one_cm":53259,"minecraft:sneak_time":12,"minecraft:mob_kills":1,"minecraft:walk_under_water_one_cm":2991,"minecraft:drop":2,"minecraft:damage_dealt_resisted":81,"minecraft:jump":146,"minecraft:leave_game":1,"minecraft:time_since_death":20266,"minecraft:walk_on_water_one_cm":3356,"minecraft:threat":2,"minecraft:total_world_time":20266,"minecraft:hex":0,"minecraft:fly_one_cm":26289,"minecraft:fall_one_cm":1999},"minecraft:mined":{"minecraft:cobblestone":3,"minecraft:stone":19}},"DataVersion":3465}