{"stats":{"minecraft:crafted":{"minecraft:purple_wool":2,"minecraft:oak_planks":56,"minecraft:furnace":4,"rogues:iron_dagger":1,"minecraft:glass":12,"travelersbackpack:purple_sleeping_bag":1,"simplyswords:iron_rapier":1,"minecraft:chest":2,"minecraft:cooked_beef":10,"minecraft:crafting_table":1,"travelersbackpack:backpack_tank":4,"travelersbackpack:standard":1,"minecraft:bucket":2,"minecraft:air":0,"basicweapons:iron_dagger":1,"minecraft:purple_dye":3,"minecraft:shield":2,"minecraft:stick":12,"minecraft:iron_pickaxe":2,"minecraft:iron_ingot":21,"minecraft:torch":40},"minecraft:killed_by":{"minecraft:creeper":2,"minecraft:spider":6,"minecraft:drowned":1,"minecraft:skeleton":10,"minecraft:zombie":11,"minecraft:vex":4},"minecraft:killed":{"minecraft:spider":4,"minecraft:skeleton":2,"minecraft:horse":11,"clutter:beaver":1,"minecraft:pig":7,"minecraft:creeper":7,"minecraft:sheep":14,"minecraft:pillager":1,"minecraft:zombie":6,"batsgalore:biggest_fan_bat":1,"minecraft:cow":9},"minecraft:dropped":{"minecraft:porkchop":5,"simplyswords:soulrender":1,"mythicmetals:raw_silver":2,"biomemakeover:cooked_glowfish":1,"magistuarmory:rustedcrusader_chestplate":1,"minecraft:cobblestone":18,"witcher_rpg:silver_ingot":6,"wizards:wand_frost":1,"regions_unexplored:blue_bioshroom":2,"minecraft:stick":2,"minecraft:flint":1,"magistuarmory:rustedcrusader_boots":1,"minecraft:gray_wool":1,"minecraft:zombie_head":3,"minecraft:potion":2,"minecraft:pumpkin":1,"minecraft:sand":1,"minecraft:white_banner":1,"minecraft:white_wool":7,"wizards:wand_arcane":1,"minecraft:creeper_head":7,"minecraft:player_head":2,"minecraft:stone_sword":3,"witcher_rpg:steel_ingot":4,"minecraft:soul_lantern":1,"minecraft:light_gray_wool":1,"minecraft:oak_planks":22,"minecraft:potato":6,"biomemakeover:cladding_upgrade_smithing_template":1,"minecraft:spruce_log":2,"minecraft:iron_bars":1,"minecraft:stone_pickaxe":2,"minecraft:beef":2,"minecraft:firework_rocket":15},"minecraft:used":{"minecraft:stone_sword":134,"minecraft:shield":9,"minecraft:torch":37,"minecraft:bow":16,"minecraft:furnace":5,"minecraft:cooked_beef":10,"croptopia:grape":1,"minecraft:water_bucket":1,"simplyswords:iron_rapier":80,"minecraft:stone_pickaxe":91,"minecraft:oak_planks":5,"minecraft:white_wool":2,"minecraft:crafting_table":2,"minecraft:apple":4,"minecraft:bread":9,"minecraft:iron_pickaxe":101,"minecraft:stone_axe":16,"travelersbackpack:standard":3,"minecraft:cobblestone":3,"minecraft:cooked_porkchop":4,"minecraft:bucket":1,"minecraft:yellow_bed":7,"minecraft:oak_boat":1},"minecraft:broken":{"minecraft:leather_boots":1},"minecraft:picked_up":{"minecraft:charcoal":17,"minecraft:crafting_table":1,"minecraft:creeper_head":8,"croptopia:peach":8,"croptopia:grape_seed":6,"minecraft:pink_wool":1,"regions_unexplored:blue_bioshroom":2,"mythicmetals:raw_kyber":1,"minecraft:string":6,"minecraft:moss_carpet":5,"minecraft:raw_copper":9,"minecraft:zombie_head":7,"graveyard:corruption":1,"crystals_overhauled:malachite":2,"minecraft:beef":14,"minecraft:oak_boat":1,"minecraft:player_head":15,"croptopia:pepper_seed":1,"minecraft:light_gray_wool":1,"minecraft:furnace":1,"minecraft:stick":2,"minecraft:raw_iron":19,"minecraft:torch":7,"minecraft:porkchop":18,"minecraft:carrot":11,"magistuarmory:rustedcrusader_chestplate":1,"regions_unexplored:daisy":2,"croptopia:grape":3,"wizards:wand_frost":1,"minecraft:stone_sword":3,"minecraft:arrow":26,"minecraft:rotten_flesh":14,"mythicmetals:raw_manganese":12,"witcher_rpg:silver_ingot":3,"minecraft:saddle":2,"minecraft:gold_ingot":2,"croptopia:pepper":1,"minecraft:mutton":18,"minecraft:iron_bars":2,"minecraft:skeleton_skull":3,"minecraft:white_wool":17,"minecraft:cobblestone":125,"minecraft:cooked_beef":5,"croptopia:radish":2,"minecraft:andesite":1,"minecraft:brown_wool":1,"mythicmetals:raw_banglum":3,"minecraft:leather":37,"minecraft:potato":8,"croptopia:spinach":1,"minecraft:flint":1,"minecraft:oak_log":7,"minecraft:yellow_bed":9,"mythicmetals:raw_platinum":6,"minecraft:lapis_lazuli":3,"minecraft:dirt":34,"minecraft:white_banner":1,"biomemakeover:crude_fragment":7,"minecraft:bone":6,"minecraft:stone_bricks":2,"minecraft:bow":2,"minecraft:wheat_seeds":1,"minecraft:iron_ingot":8,"minecraft:stone_pickaxe":2,"witcher_rpg:steel_ingot":2,"darkblades:dark_dust":20,"mythicmetals:raw_silver":3,"minecraft:oak_planks":9,"minecraft:pink_bed":1,"croptopia:chile_pepper_seed":2,"minecraft:cooked_porkchop":4,"minecraft:pumpkin":5,"minecraft:sand":14,"simplyswords:soulrender":1,"minecraft:spider_eye":24,"croptopia:spinach_seed":2,"biomemakeover:cladding_upgrade_smithing_template":1,"croptopia:chile_pepper":1,"minecraft:firework_rocket":22,"regions_unexplored:hyssop":6,"regions_unexplored:willow_shrub":1,"regions_unexplored:fireweed":1,"minecraft:diamond":3,"minecraft:stone_axe":1,"wizards:wand_arcane":1,"minecraft:soul_lantern":1,"magistuarmory:rustedcrusader_boots":1,"croptopia:radish_seed":2,"minecraft:redstone_ore":1,"minecraft:gray_wool":2,"minecraft:coal":19,"crystals_overhauled:celestite":8},"minecraft:custom":{"lootr:looted_stat":19,"minecraft:mob_kills":63,"minecraft:interact_with_crafting_table":16,"minecraft:damage_dealt_resisted":2632,"minecraft:leave_game":6,"minecraft:time_since_death":37304,"minecraft:climb_one_cm":993,"minecraft:sprint_one_cm":120028,"minecraft:walk_one_cm":486902,"minecraft:damage_blocked_by_shield":600,"minecraft:drop":53,"minecraft:damage_dealt_absorbed":2124,"minecraft:talked_to_villager":1,"minecraft:play_time":229922,"minecraft:deaths":35,"minecraft:sneak_time":2611,"minecraft:walk_under_water_one_cm":36798,"minecraft:boat_one_cm":39581,"minecraft:jump":1633,"minecraft:walk_on_water_one_cm":93351,"minecraft:total_world_time":229922,"minecraft:interact_with_furnace":14,"minecraft:interact_with_cartography_table":1,"minecraft:interact_with_loom":1,"minecraft:sleep_in_bed":9,"minecraft:hex":0,"minecraft:time_since_rest":7958,"minecraft:damage_taken":11105,"minecraft:damage_dealt":8333,"minecraft:swim_one_cm":37721,"minecraft:fly_one_cm":232646,"minecraft:crouch_one_cm":3565,"minecraft:threat":14,"minecraft:interact_with_smoker":1,"minecraft:fall_one_cm":30943,"minecraft:horse_one_cm":5559},"minecraft:mined":{"minecraft:dark_oak_planks":2,"croptopia:pepper_crop":1,"regions_unexplored:willow_shrub":1,"minecraft:pink_bed":1,"croptopia:grape_crop":3,"mythicmetals:silver_ore":1,"minecraft:grass_block":2,"crystals_overhauled:celestite_ore":8,"regions_unexplored:blue_bioshroom":1,"minecraft:furnace":2,"mythicmetals:kyber_ore":1,"minecraft:iron_ore":20,"crystals_overhauled:malachite_ore":2,"minecraft:andesite":14,"minecraft:pumpkin":4,"croptopia:peach_crop":7,"minecraft:iron_bars":1,"minecraft:stone":60,"mythicmetals:platinum_ore":5,"minecraft:soul_lantern":1,"minecraft:crafting_table":1,"minecraft:torch":4,"expores:experience_ore":2,"minecraft:copper_ore":13,"minecraft:tall_grass":1,"minecraft:cobblestone":12,"minecraft:oak_planks":1,"minecraft:wall_torch":3,"croptopia:spinach_crop":1,"regions_unexplored:hyssop":3,"mythicmetals:manganese_ore":11,"minecraft:yellow_bed":7,"croptopia:chile_pepper_crop":1,"minecraft:grass":10,"minecraft:oak_log":7,"minecraft:coal_ore":19,"minecraft:sand":7,"croptopia:radish_crop":2,"darkblades:dark_ore":10,"minecraft:stone_bricks":2,"mythicmetals:banglum_ore":2,"minecraft:oak_leaves":1}},"DataVersion":3465}