{"stats":{"minecraft:crafted":{"minecraft:purple_wool":2,"minecraft:oak_planks":108,"minecraft:furnace":6,"rogues:iron_dagger":1,"minecraft:cooked_mutton":8,"minecraft:glass":12,"travelersbackpack:purple_sleeping_bag":1,"runes:frost_stone":24,"druids:wand_lightning":1,"simplyswords:iron_rapier":1,"minecraft:chest":8,"fpapmod:diamond_halberd":2,"minecraft:cooked_beef":10,"minecraft:red_dye":2,"paladins:holy_wand":2,"minecraft:crafting_table":1,"travelersbackpack:backpack_tank":4,"travelersbackpack:standard":3,"paladins:diamond_holy_wand":1,"minecraft:smithing_table":2,"minecraft:red_wool":4,"minecraft:copper_ingot":9,"minecraft:birch_planks":72,"minecraft:bucket":2,"minecraft:air":0,"travelersbackpack:red_sleeping_bag":1,"basicweapons:iron_dagger":1,"minecraft:purple_dye":3,"minecraft:shield":2,"runes:lightning_stone":32,"minecraft:stick":16,"minecraft:iron_pickaxe":2,"minecraft:iron_ingot":21,"minecraft:torch":40,"wizards:wand_fire":1},"minecraft:killed_by":{"minecraft:player":1,"minecraft:piglin_brute":4,"minecraft:creeper":2,"minecraft:spider":6,"minecraft:drowned":1,"minecraft:skeleton":14,"minecraft:zombie":12,"minecraft:vex":4},"minecraft:killed":{"minecraft:spider":4,"minecraft:skeleton":3,"minecraft:horse":11,"clutter:beaver":1,"minecraft:pig":7,"minecraft:creeper":10,"minecraft:sheep":16,"minecraft:pillager":1,"minecraft:zombie":6,"batsgalore:biggest_fan_bat":1,"minecraft:cow":9},"minecraft:dropped":{"minecraft:iron_ingot":24,"minecraft:birch_planks":6,"minecraft:porkchop":5,"minecraft:wheat_seeds":6,"simplyswords:soulrender":1,"mythicmetals:raw_silver":2,"biomemakeover:cooked_glowfish":1,"magistuarmory:rustedcrusader_chestplate":1,"minecraft:cobblestone":18,"witcher_rpg:silver_ingot":6,"minecraft:leather":18,"wizards:wand_frost":1,"regions_unexplored:blue_bioshroom":2,"minecraft:stick":2,"minecraft:flint":1,"magistuarmory:rustedcrusader_boots":1,"croptopia:celery":1,"clutter:hops_seeds":1,"minecraft:gray_wool":1,"regions_unexplored:purple_lupine":1,"minecraft:zombie_head":4,"minecraft:potion":2,"minecraft:bone_meal":22,"minecraft:pumpkin":1,"minecraft:sand":1,"minecraft:white_banner":1,"minecraft:white_wool":9,"minecraft:stone_brick_slab":2,"travelersbackpack:red_sleeping_bag":1,"wizards:wand_arcane":1,"minecraft:creeper_head":11,"minecraft:polished_andesite_slab":1,"minecraft:player_head":9,"minecraft:stone_sword":3,"minecraft:raw_copper":9,"croptopia:strawberry":1,"minecraft:andesite_slab":6,"croptopia:blackberry_seed":2,"croptopia:tomatillo":1,"witcher_rpg:steel_ingot":4,"minecraft:soul_lantern":1,"minecraft:iron_boots":1,"minecraft:light_gray_wool":1,"minecraft:oak_planks":22,"croptopia:strawberry_seed":1,"perfectbirbs:shoebill_plushie":1,"croptopia:blueberry_seed":2,"fpapmod:diamond_halberd":2,"minecraft:potato":6,"minecraft:skeleton_skull":1,"minecraft:chest":2,"biomemakeover:cladding_upgrade_smithing_template":1,"simplyswords:iron_longsword":1,"croptopia:tomatillo_seed":2,"minecraft:spruce_log":2,"minecraft:iron_bars":1,"minecraft:stone_pickaxe":2,"minecraft:beef":4,"graveyard:oak_coffin":5,"minecraft:firework_rocket":15},"minecraft:used":{"minecraft:stone_sword":134,"minecraft:chest":1,"minecraft:shield":15,"minecraft:torch":38,"minecraft:bow":16,"minecraft:furnace":6,"minecraft:cooked_beef":11,"croptopia:grape":1,"minecraft:cooked_mutton":1,"minecraft:water_bucket":8,"simplyswords:iron_rapier":174,"minecraft:stone_pickaxe":91,"minecraft:oak_planks":54,"spellbladenext:arcane_blade":4,"minecraft:white_wool":3,"minecraft:crafting_table":2,"minecraft:apple":4,"minecraft:bread":9,"minecraft:iron_pickaxe":116,"fpapmod:diamond_halberd":1,"minecraft:stone_axe":42,"travelersbackpack:standard":12,"minecraft:cobblestone":3,"minecraft:cooked_porkchop":4,"minecraft:smithing_table":2,"minecraft:bucket":9,"minecraft:yellow_bed":8,"minecraft:oak_boat":1},"minecraft:broken":{"minecraft:leather_boots":1,"simplyswords:iron_rapier":1},"minecraft:picked_up":{"minecraft:charcoal":17,"minecraft:crafting_table":1,"croptopia:tomatillo_seed":2,"minecraft:chicken":4,"minecraft:creeper_head":12,"croptopia:peach":8,"croptopia:grape_seed":6,"minecraft:smithing_table":2,"minecraft:pink_wool":1,"regions_unexplored:blue_bioshroom":2,"mythicmetals:raw_kyber":1,"imbued_gear:crystalline_arrow":1,"fpapmod:diamond_halberd":1,"minecraft:string":6,"minecraft:moss_carpet":5,"minecraft:raw_copper":18,"minecraft:zombie_head":8,"graveyard:corruption":1,"clutter:uncommon_coin_pouch":1,"crystals_overhauled:malachite":2,"croptopia:tomatillo":1,"simplyswords:iron_longsword":1,"minecraft:beef":14,"minecraft:oak_boat":1,"minecraft:player_head":25,"croptopia:pepper_seed":1,"minecraft:poppy":2,"minecraft:light_gray_wool":1,"immersive_melodies:triangle":1,"minecraft:chest":2,"minecraft:furnace":1,"minecraft:stick":2,"minecraft:raw_iron":19,"minecraft:torch":7,"croptopia:blackberry_seed":2,"travelersbackpack:iron_tier_upgrade":1,"minecraft:porkchop":18,"travelersbackpack:crafting_upgrade":1,"minecraft:carrot":11,"croptopia:strawberry":1,"magistuarmory:rustedcrusader_chestplate":2,"regions_unexplored:daisy":2,"croptopia:grape":3,"minecraft:tnt":1,"wizards:wand_frost":1,"minecraft:stone_sword":3,"minecraft:arrow":36,"minecraft:rotten_flesh":14,"mythicmetals:raw_manganese":12,"croptopia:strawberry_seed":1,"witcher_rpg:silver_ingot":3,"minecraft:saddle":2,"minecraft:gold_ingot":2,"croptopia:pepper":1,"regions_unexplored:purple_lupine":1,"minecraft:bone_block":1,"minecraft:mutton":21,"minecraft:snowball":6,"minecraft:iron_bars":2,"minecraft:skeleton_skull":4,"minecraft:white_wool":19,"minecraft:cobblestone":125,"minecraft:birch_log":9,"minecraft:cooked_beef":5,"croptopia:radish":2,"minecraft:andesite":1,"clutter:hops_seeds":1,"minecraft:brown_wool":1,"mythicmetals:raw_banglum":4,"minecraft:leather":40,"minecraft:potato":8,"croptopia:spinach":1,"minecraft:flint":2,"minecraft:oak_log":7,"minecraft:yellow_bed":10,"minecraft:gunpowder":2,"croptopia:celery":1,"croptopia:blueberry_seed":2,"mythicmetals:raw_platinum":6,"minecraft:lapis_lazuli":3,"minecraft:dirt":34,"minecraft:white_banner":1,"biomemakeover:crude_fragment":7,"minecraft:chipped_anvil":1,"minecraft:bone":26,"minecraft:stone_bricks":2,"minecraft:bow":3,"minecraft:wheat_seeds":7,"minecraft:iron_ingot":11,"minecraft:stone_pickaxe":2,"minecraft:cobweb":20,"witcher_rpg:steel_ingot":2,"darkblades:dark_dust":20,"minecraft:soul_sand":2,"minecraft:polished_andesite_slab":1,"mythicmetals:raw_silver":3,"minecraft:oak_planks":9,"clutter:rare_coin_pouch":2,"minecraft:pink_bed":1,"croptopia:chile_pepper_seed":2,"minecraft:cooked_porkchop":4,"minecraft:pumpkin":5,"minecraft:stone_brick_slab":2,"minecraft:sand":14,"simplyswords:soulrender":1,"minecraft:oak_wood":13,"graveyard:oak_coffin":5,"clutter:common_coin_pouch":3,"magistuarmory:rustedchainmail_leggings":1,"minecraft:spider_eye":24,"croptopia:spinach_seed":2,"biomemakeover:cladding_upgrade_smithing_template":1,"croptopia:chile_pepper":1,"travelersbackpack:standard":1,"minecraft:firework_rocket":32,"regions_unexplored:hyssop":6,"regions_unexplored:willow_shrub":1,"regions_unexplored:fireweed":1,"minecraft:diamond":4,"minecraft:stone_axe":1,"wizards:wand_arcane":1,"minecraft:soul_lantern":1,"regions_unexplored:clover":1,"magistuarmory:rustedcrusader_boots":1,"croptopia:radish_seed":2,"minecraft:redstone_ore":1,"minecraft:bone_meal":22,"minecraft:gray_wool":2,"minecraft:damaged_anvil":1,"minecraft:andesite_slab":6,"minecraft:coal":19,"crystals_overhauled:celestite":8},"minecraft:custom":{"minecraft:interact_with_smithing_table":4,"minecraft:interact_with_anvil":1,"lootr:looted_stat":25,"minecraft:mob_kills":69,"minecraft:interact_with_crafting_table":31,"minecraft:damage_dealt_resisted":5363,"minecraft:leave_game":6,"minecraft:time_since_death":4805,"minecraft:climb_one_cm":4287,"minecraft:sprint_one_cm":164518,"minecraft:walk_one_cm":622829,"minecraft:damage_blocked_by_shield":1069,"minecraft:drop":101,"minecraft:damage_dealt_absorbed":3220,"minecraft:talked_to_villager":1,"minecraft:play_time":301922,"minecraft:deaths":48,"minecraft:sneak_time":4111,"minecraft:walk_under_water_one_cm":41369,"minecraft:boat_one_cm":51044,"minecraft:jump":2039,"minecraft:walk_on_water_one_cm":103020,"minecraft:total_world_time":301922,"minecraft:interact_with_furnace":25,"minecraft:interact_with_cartography_table":1,"minecraft:interact_with_loom":1,"minecraft:sleep_in_bed":13,"minecraft:hex":0,"minecraft:time_since_rest":4844,"minecraft:damage_taken":14528,"minecraft:damage_dealt":9111,"minecraft:player_kills":1,"minecraft:swim_one_cm":37721,"minecraft:fly_one_cm":312835,"minecraft:open_chest":13,"minecraft:crouch_one_cm":6054,"minecraft:threat":30,"minecraft:interact_with_smoker":1,"minecraft:fall_one_cm":48218,"minecraft:horse_one_cm":5559},"minecraft:mined":{"minecraft:dark_oak_planks":2,"croptopia:pepper_crop":1,"regions_unexplored:willow_shrub":1,"minecraft:pink_bed":1,"croptopia:grape_crop":3,"mythicmetals:silver_ore":1,"minecraft:grass_block":2,"minecraft:soul_soil":2,"minecraft:polished_andesite_slab":1,"crystals_overhauled:celestite_ore":8,"regions_unexplored:blue_bioshroom":1,"minecraft:furnace":2,"mythicmetals:kyber_ore":1,"minecraft:iron_ore":20,"regions_unexplored:purple_lupine":1,"crystals_overhauled:malachite_ore":2,"minecraft:andesite":14,"minecraft:pumpkin":4,"croptopia:peach_crop":7,"minecraft:iron_bars":1,"minecraft:stone":60,"minecraft:spruce_slab":1,"minecraft:smithing_table":2,"mythicmetals:platinum_ore":5,"minecraft:soul_sand":2,"minecraft:stone_brick_slab":2,"minecraft:soul_lantern":1,"minecraft:crafting_table":1,"minecraft:torch":4,"minecraft:oak_wood":14,"minecraft:poppy":2,"minecraft:andesite_slab":2,"expores:experience_ore":2,"minecraft:mushroom_stem":13,"minecraft:copper_ore":15,"minecraft:tall_grass":1,"minecraft:cobblestone":12,"minecraft:oak_planks":1,"minecraft:damaged_anvil":1,"minecraft:wall_torch":3,"croptopia:spinach_crop":1,"regions_unexplored:hyssop":3,"graveyard:oak_coffin":3,"minecraft:birch_log":9,"mythicmetals:manganese_ore":11,"minecraft:cobweb":1,"minecraft:birch_leaves":1,"minecraft:yellow_bed":8,"croptopia:chile_pepper_crop":1,"minecraft:grass":16,"minecraft:oak_log":7,"minecraft:coal_ore":19,"minecraft:sand":7,"croptopia:radish_crop":2,"regions_unexplored:clover":1,"darkblades:dark_ore":10,"minecraft:stone_bricks":2,"minecraft:chipped_anvil":1,"mythicmetals:banglum_ore":3,"minecraft:oak_leaves":3,"minecraft:fern":1}},"DataVersion":3465}